0,1,2,3,4
6,1491414672345,-0.008388694375753403,-0.019873114302754402,0.19406598806381226
6,1491414672401,-0.015631068497896194,-0.020009418949484825,0.19999082386493683
6,1491414672434,-0.01073342002928257,-0.00925901997834444,0.18573178350925446
6,1491414672467,-0.01094821747392416,0.014400710351765156,0.2146090567111969
6,1491414672505,0.004798306617885828,-0.001129092532210052,0.19189094007015228
6,1491414672544,-0.007284705527126789,-0.007294097915291786,0.20372655987739563
6,1491414672593,-0.02897133119404316,-0.023092899471521378,0.20823931694030762
6,1491414672626,-0.0050790212117135525,-0.02308730222284794,0.18927308917045593
6,1491414672666,-0.0016744835302233696,0.0068617709912359715,0.18709224462509155
6,1491414672713,0.001820633071474731,-0.004094574134796858,0.1990213841199875
6,1491414672756,-0.00747558893635869,-0.01245645061135292,0.16297805309295654
6,1491414672789,-0.014973676763474941,-0.019879527390003204,0.20237834751605988
6,1491414672831,-0.0032718463335186243,-0.003040284849703312,0.19662396609783173
6,1491414672874,-0.006861238274723291,0.008746950887143612,0.20864157378673553
6,1491414672906,-0.025503654032945633,0.0054279775358736515,0.18694879114627838
6,1491414672950,-0.010215986520051956,-0.007955959066748619,0.22050736844539642
6,1491414672989,-0.037565041333436966,0.005324533209204674,0.18445587158203125
6,1491414673036,0.0018239495111629367,-0.02954910881817341,0.21088947355747223
6,1491414673068,-0.009944555349647999,-0.009445968084037304,0.19894884526729584
6,1491414673112,-0.005314805544912815,0.003674289910122752,0.20625007152557373
6,1491414673155,-0.005380708258599043,-0.009736087173223495,0.21334663033485413
6,1491414673189,0.005456974264234304,0.004475580528378487,0.20633846521377563
6,1491414673229,-0.010124409571290016,0.0020548910833895206,0.20859332382678986
6,1491414673267,-0.01977882906794548,-0.009998821653425694,0.20484653115272522
6,1491414673308,0.0020001872908324003,-0.020693344995379448,0.1762206256389618
6,1491414673351,-0.0028875155840069056,-0.018467457965016365,0.18816666305065155
6,1491414673389,-0.025374462828040123,0.001964386086910963,0.1569877713918686
6,1491414673429,-0.0017492090119048953,0.0006035169935785234,0.1835053265094757
6,1491414673471,-0.005582220386713743,-0.012886655516922474,0.20134449005126953
6,1491414673509,-0.012866996228694916,-0.003382762661203742,0.21331720054149628
6,1491414673549,0.007510979659855366,-0.015467509627342224,0.19664150476455688
6,1491414673589,0.007619917858392,-0.021584730595350266,0.1834338754415512
6,1491414673629,-0.012948569841682911,-0.012274966575205326,0.2108609825372696
6,1491414673668,-0.008201048709452152,-0.01463495846837759,0.18933281302452087
6,1491414673710,-0.022172730416059494,0.0006168659892864525,0.17856191098690033
6,1491414673749,0.02054344303905964,0.013573804870247841,0.21370182931423187
6,1491414673790,-0.00791399646550417,-0.008048655465245247,0.19178760051727295
6,1491414673834,-0.0005847019492648542,-0.010525720193982124,0.1870429515838623
6,1491414673868,0.010104355402290821,-0.003537597134709358,0.18477579951286316
6,1491414673908,-0.005707113537937403,-0.008625339716672897,0.21574105322360992
6,1491414673949,-0.005527022294700146,-0.014378834515810013,0.1797909289598465
6,1491414673988,-0.005496348720043898,-0.006269705481827259,0.1906164586544037
6,1491414674028,-0.01788303628563881,-0.02318722754716873,0.215549036860466
6,1491414674069,0.00024246152315754443,0.011561546474695206,0.1943635493516922
6,1491414674113,-0.014173020608723164,-0.004053355660289526,0.20013445615768433
6,1491414674150,-0.0008192023378796875,0.004278719890862703,0.19071745872497559
6,1491414674189,0.01149052195250988,0.005548818036913872,0.16328996419906616
6,1491414674228,-0.010028362274169922,-0.026838604360818863,0.1581232249736786
6,1491414674268,-0.005430650431662798,-0.005443648435175419,0.18223799765110016
6,1491414674310,0.0016594820190221071,-0.03427179530262947,0.17971742153167725
6,1491414674348,-0.004634421784430742,-0.01427152194082737,0.21929912269115448
6,1491414674388,0.011137167923152447,-0.0034492709673941135,0.1931554526090622
6,1491414674431,-0.004351622425019741,-0.0034833629615604877,0.19782088696956635
6,1491414674469,-0.009146412834525108,-0.011966012418270111,0.19892506301403046
6,1491414674511,-0.005422677844762802,-0.020355960354208946,0.18214033544063568
6,1491414674549,-0.005833822302520275,0.009306487627327442,0.20865902304649353
6,1491414674588,-0.0066779241897165775,0.00831128004938364,0.17632335424423218
6,1491414674628,0.0063691469840705395,-0.025272788479924202,0.20495003461837769
6,1491414674671,-0.014157397672533989,-0.014537372626364231,0.22760066390037537
6,1491414674708,-0.017540572211146355,-0.0035209469497203827,0.18813590705394745
6,1491414674748,-0.013825732283294201,0.0012753542978316545,0.17143414914608002
6,1491414674789,-0.01521553285419941,-0.012041531503200531,0.19528239965438843
6,1491414674830,-0.0009953683475032449,-0.00011019422527169809,0.2002590298652649
6,1491414674870,-0.025017447769641876,-0.01444949395954609,0.1975807398557663
6,1491414674909,-0.01690065488219261,-0.003722238587215543,0.20489384233951569
6,1491414674953,-0.018040839582681656,0.006085618864744902,0.18339803814888
6,1491414674990,-0.008474024944007397,-0.020443035289645195,0.19887037575244904
6,1491414675030,-0.006223341915756464,-0.004921368323266506,0.2037738412618637
6,1491414675070,-0.009875962510704994,-0.01696414314210415,0.198878213763237
6,1491414675109,-0.019283516332507133,0.003901525167748332,0.19417335093021393
6,1491414675153,-0.0023554344661533833,-0.010456074960529804,0.1738659292459488
6,1491414675191,-0.006013212725520134,-0.018286654725670815,0.18937690556049347
6,1491414675228,-0.00705820182338357,-0.0009367214515805244,0.18112415075302124
6,1491414675270,-0.0012324029812589288,-0.014348957687616348,0.2014368623495102
6,1491414675310,-0.021623987704515457,0.004858649801462889,0.19301332533359528
6,1491414675352,0.00220639375038445,-0.005985618103295565,0.20630474388599396
6,1491414675390,-0.0034382271114736795,-0.010590340942144394,0.17749963700771332
6,1491414675427,-0.003575762500986457,-0.010729579254984856,0.18108747899532318
6,1491414675470,-0.0009344364516437054,-0.016616391018033028,0.1643127053976059
6,1491414675511,-0.008530804887413979,-0.004855095408856869,0.21580418944358826
6,1491414675549,-0.005883703473955393,-0.0032827993854880333,0.1715405285358429
6,1491414675589,0.002429872052744031,-0.02018771693110466,0.1798790544271469
6,1491414675629,0.01057174988090992,-0.010696889832615852,0.20873776078224182
6,1491414675675,-0.006388911511749029,-0.018054023385047913,0.22052398324012756
6,1491414675709,0.0009969581151381135,-0.019175566732883453,0.2086067944765091
6,1491414675747,0.0047029731795191765,-0.0047203670255839825,0.19555847346782684
6,1491414675787,-0.02062959037721157,-0.002516494831070304,0.20614194869995117
6,1491414675828,0.02232050895690918,-0.012108305469155312,0.21121293306350708
6,1491414675878,-0.013586055487394333,-0.023917358368635178,0.18331530690193176
6,1491414675909,0.003140716813504696,-0.01207736600190401,0.1883114129304886
6,1491414675950,-0.0028954027220606804,-0.000140004965942353,0.19432386755943298
6,1491414675989,-0.010003468953073025,0.006073437165468931,0.17275673151016235
6,1491414676029,0.0029609620105475187,-0.0011531380005180836,0.1967581957578659
6,1491414676072,0.0007442578789778054,0.0036521528381854296,0.1764192134141922
6,1491414676110,-0.0029473721515387297,0.0059656379744410515,0.17400753498077393
6,1491414676148,-0.010200873017311096,-0.003560814540833235,0.18346868455410004
6,1491414676190,-0.015127375721931458,-0.01317901536822319,0.1893523633480072
6,1491414676229,-0.006864509079605341,0.014356196857988834,0.20395879447460175
6,1491414676269,0.0161476731300354,-0.019042473286390305,0.1692141890525818
6,1491414676309,0.002451930893585086,-0.000149706014781259,0.21112161874771118
6,1491414676349,0.003567748935893178,-0.0050364648923277855,0.20750710368156433
6,1491414676386,-0.02041969820857048,0.0021399331744760275,0.22531895339488983
6,1491414676429,0.012071831151843071,0.006052412558346987,0.19088518619537354
6,1491414676469,0.008194531314074993,-0.0009942790493369102,0.18841403722763062
6,1491414676511,0.003073168685659766,-0.019161617383360863,0.20381863415241241
6,1491414676549,0.009218945167958736,-0.015556786209344864,0.1835380494594574
6,1491414676589,0.005411188583821058,-0.007170883938670158,0.19912326335906982
6,1491414676627,0.008765926584601402,-0.006202361546456814,0.20274411141872406
6,1491414676669,-0.0018877651309594512,0.01177970226854086,0.20037826895713806
6,1491414676716,-0.006747163366526365,0.0036241146735846996,0.19550032913684845
6,1491414676749,0.00425444170832634,-0.011833962984383106,0.17992813885211945
6,1491414676789,0.0016465401276946068,-0.016598369926214218,0.19304628670215607
6,1491414676829,0.0029900912195444107,0.012325949966907501,0.17648036777973175
6,1491414676869,0.2764189839363098,0.011615920811891556,0.32357555627822876
6,1491414676909,-0.1466798186302185,-0.06527292728424072,0.03479304537177086
6,1491414676951,0.06203495338559151,0.025406736880540848,0.19147080183029175
6,1491414676989,-0.038337573409080505,0.005076350178569555,0.16899016499519348
6,1491414677030,0.02711302973330021,0.008377880789339542,0.2162233144044876
6,1491414677070,0.009082717821002007,0.029962245374917984,0.22699110209941864
6,1491414677108,0.022242406383156776,-0.042006928473711014,0.07699815183877945
6,1491414677151,-0.008576778694987297,0.014854321256279945,0.18964333832263947
6,1491414677189,-0.0020274510607123375,-0.01095068920403719,0.11890234053134918
6,1491414677229,-0.024640582501888275,0.009378586895763874,0.09011468291282654
6,1491414677268,0.0033050470519810915,-0.019899524748325348,0.1607838273048401
6,1491414677309,0.06016870588064194,-0.007219755556434393,0.22237230837345123
6,1491414677361,0.01988357864320278,-0.02006665989756584,0.17168773710727692
6,1491414677389,-0.028576428070664406,-0.02870730310678482,0.22870931029319763
6,1491414677429,0.0035610985942184925,0.008036353625357151,0.03284333646297455
6,1491414677470,-0.04720590263605118,0.012410064227879047,0.12103886902332306
6,1491414677508,-0.010714814066886902,0.018909022212028503,0.10700682550668716
6,1491414677549,0.05177529528737068,-0.04956337809562683,0.14297473430633545
6,1491414677590,-0.02581384778022766,0.018893837928771973,0.08891011774539948
6,1491414677628,-0.003640421200543642,-0.05679919570684433,0.13410058617591858
6,1491414677673,-0.02117416076362133,0.0009739071829244494,0.08284690976142883
6,1491414677710,0.04478171840310097,0.015606341883540154,0.04156403988599777
6,1491414677748,0.05758531764149666,-0.04456179589033127,0.07360924780368805
6,1491414677789,-0.04119148105382919,0.03413214534521103,0.25526395440101624
6,1491414677828,0.030705224722623825,-0.039147764444351196,0.1428154706954956
6,1491414677868,-0.016494272276759148,-0.011070319451391697,0.05641896277666092
6,1491414677909,0.016382120549678802,0.0003824101877398789,0.13816118240356445
6,1491414677947,-0.04201418161392212,-0.029874447733163834,0.11113762110471725
6,1491414677991,0.045306459069252014,-0.047862738370895386,0.1332734227180481
6,1491414678030,-0.05753323808312416,0.035012342035770416,0.12100321054458618
6,1491414678067,0.042292237281799316,-0.04098360240459442,0.19793984293937683
6,1491414678111,-0.00933988206088543,-0.029417095705866814,0.06950297951698303
6,1491414678149,-0.04638107120990753,0.0071457307785749435,0.03354249522089958
6,1491414678188,0.05010451748967171,-0.0521036759018898,0.17043836414813995
6,1491414678228,0.00904303789138794,0.012037752196192741,-0.0018498733406886458
6,1491414678269,-0.03135194629430771,0.06005587428808212,0.1226627305150032
6,1491414678314,-0.0015475930413231254,-0.022927220910787582,0.29597923159599304
6,1491414678350,0.045344624668359756,-0.03746327385306358,0.13225293159484863
6,1491414678389,-0.015349715016782284,0.019326219335198402,0.23867112398147583
6,1491414678428,-0.06271330267190933,0.11623966693878174,0.08086472749710083
6,1491414678468,0.01968982256948948,-0.07863324135541916,0.3412623405456543
6,1491414678511,0.09773483872413635,-0.1016107127070427,0.012523377314209938
6,1491414678548,-0.01912306249141693,0.004922864027321339,0.3929561972618103
6,1491414678588,-0.05722438171505928,0.0009876824915409088,0.05382758378982544
6,1491414678630,0.03744414448738098,-0.05584387108683586,0.3152051270008087
6,1491414678669,0.03726726770401001,-0.024837519973516464,0.12622405588626862
6,1491414678708,-0.09341435134410858,0.0712227001786232,0.28859731554985046
6,1491414678750,0.0016657154774293303,0.020464569330215454,0.36326107382774353
6,1491414678788,-0.0445324070751667,0.0436098538339138,0.315152645111084
6,1491414678829,0.06610706448554993,-0.09098370373249054,0.22420407831668854
6,1491414678869,-0.02064839005470276,0.04740052670240402,0.2830411493778229
6,1491414678909,0.0031261970289051533,-0.043403543531894684,0.3377093970775604
6,1491414678949,-0.027409913018345833,0.03195377066731453,0.53786301612854
6,1491414678990,-0.020800042897462845,-0.013203060254454613,0.29580438137054443
6,1491414679028,-0.012756109237670898,-0.001518194330856204,0.3390401601791382
6,1491414679070,-0.06335839629173279,0.016170892864465714,0.3650818169116974
6,1491414679109,-0.020059067755937576,0.025738563388586044,0.1919013112783432
6,1491414679148,-0.017155323177576065,0.01357921864837408,0.41332170367240906
6,1491414679189,-0.05531899258494377,-0.007960262708365917,-0.3664747476577759
6,1491414679231,0.04249042272567749,-0.02822098135948181,0.5368369817733765
6,1491414679270,0.006299756001681089,-0.015566451475024223,0.2720554769039154
6,1491414679308,0.011398610658943653,-0.03020387887954712,0.5066458582878113
6,1491414679352,-0.005838016513735056,-0.028296001255512238,0.5663766860961914
6,1491414679389,-0.005096935201436281,0.0020420055370777845,0.1367904245853424
6,1491414679429,-0.038277871906757355,-0.0022760878782719374,0.5866495966911316
6,1491414679473,0.02912740223109722,-0.055942509323358536,0.36417651176452637
6,1491414679508,-0.023261241614818573,-0.032934173941612244,0.304040789604187
6,1491414679548,-0.05288004130125046,0.07772611826658249,0.25302252173423767
6,1491414679589,0.037502471357584,-0.04549955576658249,0.6037311553955078
6,1491414679629,0.03793960064649582,-0.08507458120584488,-0.038190413266420364
6,1491414679669,-0.010753890499472618,0.018228014931082726,0.7246317863464355
6,1491414679709,-0.0645596981048584,0.06499841064214706,0.13064540922641754
6,1491414679748,-0.0279549490660429,0.04888606071472168,0.4325159192085266
6,1491414679797,0.03440279886126518,-0.013753414154052734,0.6684247851371765
6,1491414679830,-0.01566890813410282,-0.015963761135935783,0.06103365868330002
6,1491414679867,0.02881166711449623,-0.10622768104076385,0.48461493849754333
6,1491414679909,-0.13337227702140808,0.08683743327856064,0.0786549374461174
6,1491414679947,-0.12219741195440292,0.08505185693502426,-0.05775239318609238
6,1491414680018,0.032286833971738815,0.015118655748665333,0.7667068839073181
6,1491414680032,0.0035672883968800306,-0.08847147226333618,0.31449487805366516
6,1491414680069,-0.10938382893800735,0.1047259271144867,0.027510924264788628
6,1491414680108,0.07263824343681335,-0.15044178068637848,0.4691157341003418
6,1491414680148,-0.09687206894159317,0.12055730074644089,-0.2871077358722687
6,1491414680190,0.11010876297950745,-0.07518872618675232,0.7620294094085693
6,1491414680230,-0.009203829802572727,-0.047194622457027435,0.4955301582813263
6,1491414680268,-0.06478030234575272,0.0658116340637207,-0.24521566927433014
6,1491414680311,0.09403901547193527,-0.031503524631261826,0.8293123841285706
6,1491414680348,-0.1554006189107895,0.09402628988027573,-0.3797966241836548
6,1491414680387,0.16193923354148865,-0.13533446192741394,0.8400475382804871
6,1491414680428,-0.11799505352973938,0.12968578934669495,-0.4055754244327545
6,1491414680467,0.06774069368839264,-0.12188161909580231,0.5533004999160767
6,1491414680509,-0.042325377464294434,0.1686868518590927,-0.18317903578281403
6,1491414680549,-0.0016713562654331326,-0.08278052508831024,0.3782576322555542
6,1491414680588,0.05859372019767761,0.013875214383006096,-0.2479383796453476
6,1491414680629,-0.0686970055103302,-0.028789620846509933,0.24880219995975494
6,1491414680669,0.05582304298877716,-0.0028728272300213575,0.17456616461277008
6,1491414680709,-0.026405462995171547,0.01044926606118679,0.11652640253305435
6,1491414680750,-0.05717306211590767,0.07218890637159348,0.0580083429813385
6,1491414680788,0.07794322073459625,-0.12500342726707458,0.33436551690101624
6,1491414680832,0.02686874195933342,-0.016099978238344193,0.14908336102962494
6,1491414680870,-0.07688025385141373,0.1018039882183075,0.03524221107363701
6,1491414680909,-0.011117614805698395,0.05959731340408325,0.2138623297214508
6,1491414680952,-0.018703054636716843,0.020993294194340706,0.15248489379882812
6,1491414680989,0.010814819484949112,-0.010514536872506142,0.055553749203681946
6,1491414681029,-0.008748951368033886,0.013864540494978428,0.14174923300743103
6,1491414681068,-0.05112516134977341,-0.023138057440519333,-0.007310059852898121
6,1491414681109,-0.043853260576725006,0.06797987967729568,-0.11804432421922684
6,1491414681152,-0.12382806092500687,0.14169219136238098,0.15230272710323334
6,1491414681188,-0.10642287880182266,0.06654955446720123,-0.19522102177143097
6,1491414681229,-0.026460299268364906,0.061173215508461,0.031629253178834915
6,1491414681269,0.005942629650235176,0.02224094420671463,-0.07134070247411728
6,1491414681308,-0.022761322557926178,-0.010305704548954964,0.17246755957603455
6,1491414681349,-0.11062003672122955,0.061139993369579315,0.04411601647734642
6,1491414681389,-0.029481036588549614,0.02631167694926262,0.07686860859394073
6,1491414681429,-0.007408756297081709,0.016209736466407776,0.16078341007232666
6,1491414681471,-0.08100281655788422,0.04543047398328781,0.08256325870752335
6,1491414681509,-0.030946988612413406,-0.019515423104166985,-0.026385273784399033
6,1491414681549,-0.04479403421282768,0.04225410521030426,0.03255077451467514
6,1491414681593,0.047681327909231186,-0.04912649095058441,0.05428657680749893
6,1491414681635,-0.016676010563969612,0.011508973315358162,0.050550300627946854
6,1491414681668,-0.006325434893369675,0.003740188665688038,0.19663554430007935
6,1491414681708,-0.01998189464211464,-0.01585599221289158,0.04317377507686615
6,1491414681749,-0.0038104653358459473,-0.012003330513834953,0.04092692211270332
6,1491414681796,-0.005645775701850653,-0.011477535590529442,-0.04288720712065697
6,1491414681829,0.006279384717345238,-0.01968207396566868,0.04095548763871193
6,1491414681870,-0.02344430796802044,0.01399469468742609,0.01698649488389492
6,1491414681908,0.014604014344513416,0.06726150959730148,0.005636225920170546
6,1491414681949,0.037066247314214706,0.013115625828504562,0.055756229907274246
6,1491414681989,0.014076697640120983,0.0033353373873978853,0.08543947339057922
6,1491414682028,0.00454070046544075,-0.02993159554898739,0.07916903495788574
6,1491414682069,-0.03558405116200447,0.006802158430218697,0.15689553320407867
6,1491414682112,-0.05099210888147354,0.03812345117330551,0.12584185600280762
6,1491414682148,-0.0027097396086901426,-0.040491458028554916,0.06228281185030937
6,1491414682189,-0.0002585358452051878,-0.03917475417256355,0.041957296431064606
6,1491414682229,-0.013451234437525272,0.031450480222702026,0.12731146812438965
6,1491414682269,0.03077043779194355,-0.07770968228578568,-0.02625982277095318
6,1491414682309,-0.07835420221090317,0.018309839069843292,0.29670488834381104
6,1491414682349,0.029658446088433266,-0.09329588711261749,-0.023972082883119583
6,1491414682389,0.01074475608766079,0.0018287035636603832,0.094995878636837
6,1491414682427,-0.058610834181308746,0.04056641459465027,0.14977385103702545
6,1491414682471,0.02093989960849285,-0.039059802889823914,0.05652793124318123
6,1491414682509,0.06715679913759232,-0.04944333806633949,-0.20172978937625885
6,1491414682548,-0.03273500129580498,0.05501071736216545,0.30213263630867004
6,1491414682595,-0.050809986889362335,0.0438060387969017,-0.024877918884158134
6,1491414682630,-0.05562141165137291,0.08303322643041611,0.08787957578897476
6,1491414682670,-0.04863785579800606,0.07484199106693268,0.248301163315773
6,1491414682710,-0.08038356900215149,0.009521162137389183,-0.20609453320503235
6,1491414682750,-0.1406109631061554,0.10602003335952759,0.308782696723938
6,1491414682786,-0.1396653801202774,0.14004462957382202,0.004899238236248493
6,1491414682829,-0.002153948647901416,0.017080938443541527,0.07584843039512634
6,1491414682868,0.01941796764731407,0.023067981004714966,-0.1490229070186615
6,1491414682908,0.05582800507545471,-0.04019911587238312,0.37286683917045593
6,1491414682950,-0.009092899039387703,-0.039327461272478104,0.027615074068307877
6,1491414682990,-0.16039396822452545,0.1393800973892212,-0.10417653620243073
6,1491414683028,0.01555243693292141,0.046141378581523895,0.16119952499866486
6,1491414683069,0.1360015869140625,-0.04953852295875549,0.3722850978374481
6,1491414683108,-0.19903039932250977,0.16196127235889435,0.052490659058094025
6,1491414683148,0.029649728909134865,0.021057449281215668,0.09288012981414795
6,1491414683189,0.05654629319906235,-0.044282108545303345,0.23995216190814972
6,1491414683231,-0.1429084986448288,0.07684189826250076,0.03320806846022606
6,1491414683272,0.058877211064100266,0.009226973168551922,0.35157495737075806
6,1491414683309,-0.08174654841423035,-0.011335914023220539,0.05466197058558464
6,1491414683349,-0.055754125118255615,0.09387142956256866,0.010008467361330986
6,1491414683388,0.004418650176376104,-0.07467588037252426,0.2740229070186615
6,1491414683429,-0.1158038005232811,0.08899267762899399,-0.25984296202659607
6,1491414683468,0.027918832376599312,-0.01231386698782444,0.5547638535499573
6,1491414683509,-0.11376959830522537,0.08705554157495499,0.07774212956428528
6,1491414683552,0.08212044835090637,-0.0418550930917263,0.24017876386642456
6,1491414683592,-0.09451600164175034,0.07230179011821747,0.5650579333305359
6,1491414683629,0.009701654314994812,-0.15369734168052673,-0.34652650356292725
6,1491414683670,-0.0797407254576683,0.22130590677261353,0.9205154776573181
6,1491414683709,0.009365621022880077,-0.09248862415552139,-0.42510727047920227
6,1491414683750,-0.09206594526767731,0.0547596737742424,0.5100153684616089
6,1491414683792,0.083112433552742,-0.0768531858921051,-0.07597856223583221
6,1491414683829,-0.15593352913856506,0.11463334411382675,0.18908876180648804
6,1491414683871,0.13740688562393188,-0.13092873990535736,0.24499951303005219
6,1491414683909,-0.19040317833423615,0.09072989225387573,0.0582120455801487
6,1491414683950,0.24161677062511444,-0.1640373319387436,-0.057217687368392944
6,1491414683991,-0.012698417529463768,0.07028272747993469,0.5803090333938599
6,1491414684029,0.012851499952375889,0.033531252294778824,0.019964545965194702
6,1491414684069,0.10292758047580719,-0.019254393875598907,0.4345722794532776
6,1491414684109,-0.11473654210567474,0.10016694664955139,0.8430104851722717
6,1491414684152,0.0072266217321157455,-0.008060689084231853,-0.35750773549079895
6,1491414684192,0.1541772335767746,-0.05608738586306572,1.0260897874832153
6,1491414684230,-0.019555620849132538,-0.09594136476516724,0.060711536556482315
6,1491414684270,-0.15096497535705566,0.13253848254680634,0.2095031440258026
6,1491414684310,0.07767713069915771,0.04350368306040764,0.34122616052627563
6,1491414684348,0.08555758744478226,-0.03483753651380539,0.25340327620506287
6,1491414684387,0.06056676432490349,-0.0587516650557518,0.0520038902759552
6,1491414684431,0.05095461755990982,-0.036396123468875885,0.21251367032527924
6,1491414684481,0.0401686392724514,-0.07067251950502396,0.19426430761814117
6,1491414684509,0.07571832835674286,-0.06815323233604431,0.46508458256721497
6,1491414684549,0.010135181248188019,-0.16252967715263367,0.22807899117469788
6,1491414684589,0.08380331844091415,-0.11450150609016418,0.32351550459861755
6,1491414684629,0.12537962198257446,-0.11079570651054382,0.510618269443512
6,1491414684673,0.0010877186432480812,0.0225087758153677,0.30219098925590515
6,1491414684710,-0.027240237221121788,0.07850263267755508,0.6064165234565735
6,1491414684750,0.08092069625854492,-0.10195713490247726,0.22665691375732422
6,1491414684794,0.019175518304109573,-0.018246745690703392,0.060288116335868835
6,1491414684830,-0.026700366288423538,-0.03279580548405647,0.10651987791061401
6,1491414684869,0.07511141151189804,-0.06125690042972565,0.23644691705703735
6,1491414684912,-0.02471616305410862,0.011982257477939129,0.45998263359069824
6,1491414684950,0.04388502985239029,-0.0391354113817215,0.3871791958808899
6,1491414684989,0.004291912075132132,-0.029530664905905724,0.39889687299728394
6,1491414685033,0.056243348866701126,0.01753113977611065,0.3397504389286041
6,1491414685069,0.0021260117646306753,-0.014910800382494926,0.357068806886673
6,1491414685110,0.012506837956607342,-0.05896566063165665,0.361650675535202
6,1491414685149,0.05206223949790001,-0.032527096569538116,0.3429781496524811
6,1491414685189,-0.022706113755702972,0.016102686524391174,0.39895105361938477
6,1491414685230,0.017714325338602066,-0.004370614420622587,0.3476664423942566
6,1491414685272,0.03558146953582764,0.0051424745470285416,0.3574466109275818
6,1491414685311,0.01644524745643139,-0.041318025439977646,0.3558048903942108
6,1491414685352,0.0031151173170655966,-0.038973383605480194,0.3640924096107483
6,1491414685393,0.033162590116262436,-0.041186314076185226,0.3355870544910431
6,1491414685430,0.005152138415724039,-0.0022032344713807106,0.24462410807609558
6,1491414685471,-0.035742051899433136,0.035066042095422745,0.40734463930130005
6,1491414685509,-0.00772101990878582,0.009555238299071789,0.4684608280658722
6,1491414685550,0.0438537523150444,-0.03326840326189995,0.39799582958221436
6,1491414685589,-0.06191098690032959,0.029706938192248344,0.30057626962661743
6,1491414685631,-0.0026786515954881907,0.016114424914121628,0.36680781841278076
6,1491414685671,-0.020656747743487358,-0.0035465240944176912,0.08281494677066803
6,1491414685710,0.009662829339504242,0.020412445068359375,0.42680463194847107
6,1491414685749,-0.04275249317288399,-0.05171128734946251,0.09551334381103516
6,1491414685791,-0.04267902299761772,-0.01755482330918312,0.37227270007133484
6,1491414685831,-0.08554990589618683,0.04869122803211212,0.482483834028244
6,1491414685870,-0.06325308233499527,0.07681599259376526,0.24220629036426544
6,1491414685910,0.029206810519099236,0.07697054743766785,0.4716157913208008
6,1491414685958,-0.02149580605328083,0.031210437417030334,0.07944589853286743
6,1491414685989,-0.004691921174526215,0.0018712760647758842,0.2937144935131073
6,1491414686031,0.029317451640963554,-0.0018475668039172888,0.19580978155136108
6,1491414686069,-0.009978855028748512,0.024576883763074875,0.10830827802419662
6,1491414686108,-0.04768075793981552,0.05639324709773064,0.44343703985214233
6,1491414686149,-0.061146363615989685,0.06871023029088974,0.48173800110816956
6,1491414686191,0.040414195507764816,-0.0672471821308136,0.25307825207710266
6,1491414686229,0.07376066595315933,-0.14692609012126923,0.32947495579719543
6,1491414686271,-0.1781160682439804,0.08668065071105957,-0.6383903622627258
6,1491414686309,-0.09609277546405792,0.09486573934555054,-0.01157229021191597
6,1491414686351,0.0636477991938591,-0.05764330178499222,0.807603120803833
6,1491414686391,0.07901737838983536,-0.050303924828767776,0.2463056445121765
6,1491414686430,-0.037640996277332306,0.10222838819026947,0.3373027741909027
6,1491414686469,0.026685267686843872,-0.11686939001083374,0.37474870681762695
6,1491414686509,-0.13568755984306335,0.11741093546152115,-0.12548823654651642
6,1491414686550,0.10562045127153397,-0.04995005205273628,0.5457725524902344
6,1491414686592,-0.09884045273065567,0.015640022233128548,0.06568483263254166
6,1491414686632,0.05708465725183487,0.036538802087306976,0.15325696766376495
6,1491414686669,0.01644042320549488,-0.06731162220239639,0.5820656418800354
6,1491414686709,-0.06165674328804016,0.11590441316366196,-0.26259535551071167
6,1491414686749,0.08556222170591354,-0.0546012781560421,0.8604403734207153
6,1491414686789,-0.0754268541932106,-0.005268679931759834,-0.4179319143295288
6,1491414686832,0.03911925479769707,-0.00856602843850851,0.8220065236091614
6,1491414686870,-0.004911573138087988,0.02996028959751129,-0.4231961965560913
6,1491414686912,0.009195076301693916,-0.05482389032840729,0.3940320312976837
6,1491414686951,0.046271611005067825,-0.005402495618909597,0.0569864846765995
6,1491414686990,-0.09229051321744919,0.013716130517423153,0.38639187812805176
6,1491414687030,-0.11480865627527237,0.15437640249729156,-0.08937329798936844
6,1491414687070,0.12758579850196838,-0.14425785839557648,0.5858866572380066
6,1491414687109,-0.127400740981102,0.11731438338756561,-0.28723132610321045
6,1491414687152,0.12091262638568878,-0.1346386820077896,0.421894371509552
6,1491414687189,-0.08727647364139557,0.08101901412010193,0.019339358434081078
6,1491414687230,0.04038844257593155,-0.05129045620560646,-0.016350476071238518
6,1491414687271,-0.04417180269956589,0.08652129024267197,0.6961580514907837
6,1491414687309,-0.04120640829205513,0.017811203375458717,-0.281149297952652
6,1491414687355,0.145303875207901,-0.1344275325536728,0.7153828740119934
6,1491414687389,-0.09250769764184952,0.043154526501894,-0.28865328431129456
6,1491414687432,-0.0739886611700058,0.055699072778224945,0.23952393233776093
6,1491414687471,0.09067443013191223,-0.07625669240951538,0.4686514735221863
6,1491414687509,0.03464946895837784,0.01997103914618492,0.074930839240551
6,1491414687555,-0.08733108639717102,0.08208105713129044,-0.0980406180024147
6,1491414687589,-0.011049259454011917,0.0644703209400177,0.3322373330593109
6,1491414687630,-0.061219923198223114,-0.0201391763985157,0.30496591329574585
6,1491414687670,0.05795905366539955,-0.030219614505767822,0.19571435451507568
6,1491414687712,0.01948435790836811,-0.030456935986876488,0.23132221400737762
6,1491414687749,-0.018112748861312866,-0.11554257571697235,-0.2244540899991989
6,1491414687792,0.005494770128279924,-0.05533938482403755,0.24178582429885864
6,1491414687827,-0.02127518504858017,-0.014525184407830238,0.15918563306331635
6,1491414687869,-0.029730772599577904,-0.05954339727759361,0.2186567634344101
6,1491414687909,-0.07441204786300659,-0.01428057998418808,-0.04841163754463196
6,1491414687951,-0.1462303251028061,0.08829955011606216,-0.013642857782542706
6,1491414687990,-0.0073295943439006805,0.038015782833099365,0.1559152901172638
6,1491414688032,-0.024457691237330437,-0.02725403569638729,0.09070467948913574
6,1491414688070,0.01127615850418806,-0.07557790726423264,0.11103587597608566
6,1491414688110,-0.07649501413106918,0.04269365593791008,0.1481887549161911
6,1491414688154,0.01237170398235321,-0.02674439363181591,-0.022729912772774696
6,1491414688190,-0.04748151823878288,0.027094759047031403,0.1890905499458313
6,1491414688238,0.05072250962257385,-0.03814709186553955,0.019515736028552055
6,1491414688269,-0.061741676181554794,0.03854795917868614,0.044277120381593704
6,1491414688309,-0.01537141390144825,-0.02883315645158291,0.23700571060180664
6,1491414688352,0.02284027822315693,-0.009434062987565994,-0.07020709663629532
6,1491414688389,0.025567565113306046,0.029435843229293823,0.1611420214176178
6,1491414688427,-0.001512292306870222,-6.654709432041273e-05,0.09130271524190903
6,1491414688468,0.001654661144129932,0.030197689309716225,0.08436477929353714
6,1491414688508,-0.024218469858169556,-0.0027650967240333557,0.13306690752506256
6,1491414688550,-0.013444947078824043,-0.011212227866053581,-0.029714073985815048
6,1491414688588,0.002496909350156784,0.051362939178943634,-0.23869594931602478
6,1491414688627,-0.013570190407335758,-0.007663204334676266,0.11040834337472916
6,1491414688672,0.0057580736465752125,0.02474542148411274,0.137127086520195
6,1491414688711,0.015903163701295853,-0.023479659110307693,0.1764068305492401
6,1491414688749,0.000906219007447362,0.02259005233645439,0.06643332540988922
6,1491414688792,0.02931118942797184,-0.013577185571193695,0.10833374410867691
6,1491414688829,-0.027675405144691467,0.01756090298295021,-0.08706185966730118
6,1491414688870,-0.005034307949244976,0.010659054853022099,0.07588984817266464
6,1491414688911,-0.012499758042395115,0.0008754077716730535,0.11048594117164612
6,1491414688950,-0.028691602870821953,-0.005678418558090925,0.02651425451040268
6,1491414688989,0.03647357225418091,-0.03519110009074211,-0.04019121825695038
6,1491414689029,-0.04203631728887558,0.021361051127314568,-0.036853447556495667
6,1491414689070,0.01471006404608488,0.0018725758418440819,0.18974123895168304
6,1491414689117,0.04663923382759094,-0.04156186804175377,-0.0580780953168869
6,1491414689150,-0.05261530354619026,0.05203496664762497,-0.006792270578444004
6,1491414689189,-0.03747912496328354,0.018976040184497833,0.00028692433261312544
6,1491414689233,0.052641239017248154,-0.10449785739183426,0.23247933387756348
6,1491414689269,0.05814947187900543,-0.0033739206846803427,0.06196306645870209
6,1491414689310,0.01768030971288681,0.09858111292123795,0.3819218873977661
6,1491414689350,-0.11150140315294266,0.0961240828037262,-0.03932562842965126
6,1491414689389,-0.07977021485567093,0.050871044397354126,0.15698161721229553
6,1491414689430,-0.04901132732629776,0.1104329526424408,-0.031565360724925995
6,1491414689471,-0.09137861430644989,0.09972280263900757,0.100911445915699
6,1491414689509,0.06536103039979935,0.07604159414768219,0.13792423903942108
6,1491414689556,-0.029562611132860184,0.0473732091486454,0.31895172595977783
6,1491414689589,0.03542201966047287,-0.03325185552239418,-0.18743664026260376
6,1491414689629,-0.11790785938501358,-0.009869018569588661,0.255614697933197
6,1491414689669,-0.12895935773849487,0.12614324688911438,-0.051333241164684296
6,1491414689710,-0.005536126438528299,0.03581161051988602,0.3835848569869995
6,1491414689752,0.10365524888038635,-0.022541090846061707,0.3493727147579193
6,1491414689791,-0.10523699969053268,0.07958398759365082,0.047889869660139084
6,1491414689830,0.01624898612499237,-0.0026502376422286034,-0.009117756970226765
6,1491414689870,0.12556108832359314,-0.07550004869699478,0.17927521467208862
6,1491414689910,-0.22480498254299164,0.14640410244464874,0.5022715330123901
6,1491414689950,0.09245859086513519,-0.02686980739235878,-0.27805784344673157
6,1491414689991,0.0710156038403511,-0.11826298385858536,0.2288268357515335
6,1491414690031,-0.1622261106967926,0.14892902970314026,0.06700227409601212
6,1491414690072,0.07647754997015,-0.16178247332572937,0.4656416177749634
6,1491414690115,-0.13709841668605804,0.10666675865650177,0.08374942094087601
6,1491414690151,0.17833594977855682,-0.07551354914903641,0.38920000195503235
6,1491414690189,-0.25345808267593384,0.10669723898172379,0.19175566732883453
6,1491414690230,0.21139754354953766,-0.09785040467977524,-0.09667941927909851
6,1491414690269,-0.20719225704669952,0.055500324815511703,0.6372000575065613
6,1491414690309,0.19606249034404755,-0.14700473845005035,-0.6202177405357361
6,1491414690357,-0.2153739333152771,0.13252852857112885,0.8555551767349243
6,1491414690390,0.19092941284179688,-0.18913857638835907,-0.5654523372650146
6,1491414690428,-0.2084665447473526,0.17956389486789703,0.5757675170898438
6,1491414690469,0.15451683104038239,-0.13434216380119324,-0.366672158241272
6,1491414690510,-0.2579241991043091,0.13692408800125122,0.29735878109931946
6,1491414690549,0.22774113714694977,-0.1368733048439026,-0.06559142470359802
6,1491414690587,-0.27296948432922363,0.11125202476978302,0.2863425612449646
6,1491414690627,0.19780687987804413,-0.09112200140953064,0.07214437425136566
6,1491414690668,-0.2022922933101654,0.08490573614835739,0.5633087158203125
6,1491414690710,-0.14540742337703705,0.0752262994647026,0.2811765968799591
6,1491414690750,0.10794629901647568,-0.05850531905889511,0.035747822374105453
6,1491414690791,-0.10248427838087082,0.03700575605034828,0.8199740052223206
6,1491414690829,-0.0730695053935051,0.012232683598995209,-0.5471563935279846
6,1491414690875,0.22138269245624542,-0.052966050803661346,1.0769436359405518
6,1491414690911,-0.11732867360115051,-0.015208223834633827,-0.339405357837677
6,1491414690949,-0.1914682239294052,0.16026252508163452,0.5253967046737671
6,1491414690989,0.1057460829615593,0.007514911703765392,0.18199898302555084
6,1491414691030,0.011393728666007519,-0.0675881877541542,0.35320135951042175
6,1491414691073,0.11760972440242767,-0.08047228306531906,0.33722564578056335
6,1491414691114,-0.07433010637760162,-0.024066589772701263,0.06187131628394127
6,1491414691150,-0.0769282802939415,0.008105003274977207,0.3612973093986511
6,1491414691190,-0.11084084957838058,0.03661944717168808,0.5203686356544495
6,1491414691231,-0.10872278362512589,0.008453620597720146,0.17059600353240967
6,1491414691269,0.009648369625210762,-0.04615183547139168,0.4609100818634033
6,1491414691317,-0.01015770249068737,-0.0916408821940422,0.08096218854188919
6,1491414691350,0.05337158218026161,-0.16480152308940887,0.23662126064300537
6,1491414691393,0.03498578816652298,-0.09198745340108871,0.5170394778251648
6,1491414691430,-0.07655483484268188,0.026379551738500595,0.07994005084037781
6,1491414691470,0.004250116180628538,-0.03797735273838043,0.22025570273399353
6,1491414691510,0.09879446774721146,-0.13510915637016296,0.3999752402305603
6,1491414691549,-0.06549689918756485,0.011518959887325764,0.15057726204395294
6,1491414691590,0.07446731626987457,-0.08286530524492264,0.31032511591911316
6,1491414691639,-0.02558988705277443,-0.022633932530879974,0.24884925782680511
6,1491414691671,0.019319532439112663,-0.09358030557632446,0.45706459879875183
6,1491414691710,-0.03286982700228691,-0.009461864829063416,0.3721732795238495
6,1491414691748,-0.015370317734777927,-0.032408036291599274,0.40329357981681824
6,1491414691788,-0.009829426184296608,-0.03864211216568947,0.40209314227104187
6,1491414691829,0.008809506893157959,-0.024742333218455315,0.31733205914497375
6,1491414691870,-0.020562520250678062,-0.008661612868309021,0.23579129576683044
6,1491414691909,-0.023670382797718048,-0.005464171525090933,0.24178357422351837
6,1491414691954,0.08670380711555481,-0.09900256991386414,0.6467168927192688
6,1491414691990,-0.044015876948833466,-0.0030905348248779774,0.21766196191310883
6,1491414692029,-0.017918245866894722,0.05099470913410187,0.5474292039871216
6,1491414692070,-0.013742135837674141,-0.0025355974212288857,0.4764927327632904
6,1491414692109,-0.011852913536131382,-0.08703126758337021,0.23893912136554718
6,1491414692153,0.004951026756316423,-0.07470528781414032,0.3564697206020355
6,1491414692192,-0.006458532065153122,-0.016714807599782944,0.27294182777404785
6,1491414692229,-0.01538490317761898,-0.028000513091683388,0.17942023277282715
6,1491414692269,0.0032284408807754517,0.002471518237143755,0.31505730748176575
6,1491414692309,-0.0413845032453537,-0.049337293952703476,0.1778952032327652
6,1491414692351,0.008976615034043789,-0.002467339625582099,0.33066272735595703
6,1491414692389,0.03742224723100662,-0.045921456068754196,0.35216224193573
6,1491414692428,-0.07808706909418106,0.062421124428510666,0.2896707355976105
6,1491414692471,0.05854639410972595,-0.04206285998225212,0.5942084789276123
6,1491414692510,0.10035252571105957,-0.11318452656269073,0.29240939021110535
6,1491414692550,-0.07190169394016266,-0.049669381231069565,0.42196908593177795
6,1491414692594,-0.04203147068619728,0.04522524029016495,0.26840171217918396
6,1491414692628,-0.08050444722175598,0.055898964405059814,0.31129035353660583
6,1491414692671,-0.07673544436693192,0.1266895830631256,0.2938411235809326
6,1491414692711,-0.05094568803906441,0.08523353189229965,0.16928443312644958
6,1491414692749,-0.10353025048971176,0.13306264579296112,0.14162896573543549
6,1491414692790,-0.1052199974656105,0.10955119878053665,0.2551712989807129
6,1491414692829,-0.07199114561080933,0.027699826285243034,-0.1904425323009491
6,1491414692872,0.022265959531068802,-0.05327656492590904,0.6202570796012878
6,1491414692917,-0.05074256658554077,0.03090525045990944,0.10778827220201492
6,1491414692950,-0.07394858449697495,-0.03233696520328522,-0.13342691957950592
6,1491414692993,-0.12226219475269318,0.15144731104373932,0.3701538145542145
6,1491414693030,0.008402680978178978,0.013751235790550709,0.45769235491752625
6,1491414693070,-0.00548408692702651,-0.07737360894680023,0.20563051104545593
6,1491414693110,-0.08178695291280746,0.136797234416008,0.1405198872089386
6,1491414693149,-0.012575354427099228,0.002761384705081582,0.1665675938129425
6,1491414693189,-0.05134018510580063,0.09164726734161377,0.11057896912097931
6,1491414693233,-0.03521249070763588,0.04697883874177933,0.3259148597717285
6,1491414693270,-0.06419337540864944,-0.026639416813850403,0.1911991685628891
6,1491414693310,-0.020348209887742996,0.0913667157292366,0.11450085788965225
6,1491414693351,0.030428899452090263,-0.1772793084383011,0.26531222462654114
6,1491414693389,-0.14348849654197693,0.2048020213842392,-0.17902204394340515
6,1491414693431,0.17409560084342957,-0.24219337105751038,0.6539391875267029
6,1491414693469,-0.17725268006324768,0.1535453200340271,-0.31847912073135376
6,1491414693511,0.13387711346149445,-0.11402332782745361,1.023142695426941
6,1491414693551,-0.1601487696170807,0.11352922767400742,-0.47904589772224426
6,1491414693594,0.15011486411094666,-0.19901293516159058,0.8658832311630249
6,1491414693630,-0.12736734747886658,0.1513916403055191,-0.36962127685546875
6,1491414693672,0.14416149258613586,-0.19356101751327515,0.11048447340726852
6,1491414693710,-0.12981794774532318,0.25311657786369324,0.1446620225906372
6,1491414693751,0.17940683662891388,-0.18291433155536652,0.534662663936615
6,1491414693790,-0.1390388309955597,0.16077867150306702,-0.15170203149318695
6,1491414693830,0.14373600482940674,-0.09369314461946487,0.4953863322734833
6,1491414693871,-0.11951041221618652,0.1178629919886589,0.15338128805160522
6,1491414693912,0.020688697695732117,-0.016102436929941177,0.1357027292251587
6,1491414693952,0.018300389871001244,-0.027657801285386086,0.4874958097934723
6,1491414693989,-0.04703379049897194,0.03832381218671799,-0.2955528497695923
6,1491414694032,0.11645501852035522,-0.09033703058958054,0.8637528419494629
6,1491414694070,-0.08399786055088043,0.023091038689017296,-0.2780374586582184
6,1491414694116,-0.05097384750843048,0.05210717394948006,0.4155292510986328
6,1491414694150,0.030632516369223595,-0.07076447457075119,0.36749333143234253
6,1491414694191,0.01951824687421322,-0.03970826044678688,-0.037044018507003784
6,1491414694235,-0.06925242394208908,0.060110703110694885,0.09336850047111511
6,1491414694271,-0.003890710650011897,0.02852972038090229,0.29121074080467224
6,1491414694309,0.11351453512907028,-0.09584890305995941,0.11658269912004471
6,1491414694349,0.07461626082658768,-0.11772485077381134,0.3400012254714966
6,1491414694392,0.03622838854789734,-0.03269224613904953,0.05413248389959335
6,1491414694430,-0.04814022779464722,-0.05496852099895477,-0.023302244022488594
6,1491414694469,-0.021784458309412003,-0.0723828598856926,0.27249911427497864
6,1491414694509,-0.01040911115705967,-0.019578425213694572,0.20472480356693268
6,1491414694550,0.1065070778131485,-0.1093764454126358,0.19437114894390106
6,1491414694591,0.06258637458086014,-0.09519073367118835,0.2599999010562897
6,1491414694629,0.07122697681188583,-0.13354304432868958,0.22992253303527832
6,1491414694674,0.04505069553852081,-0.08298737555742264,-0.02735854499042034
6,1491414694710,-0.016931360587477684,0.001448378898203373,0.039732612669467926
6,1491414694750,0.10454123467206955,-0.04948721453547478,-0.049380622804164886
6,1491414694789,0.05667586252093315,-0.08456480503082275,0.21701230108737946
6,1491414694830,-0.021912816911935806,-0.011559349484741688,-0.16026392579078674
6,1491414694871,0.12098823487758636,-0.07484282553195953,0.19844311475753784
6,1491414694911,0.003028690116479993,-0.03856924921274185,0.14265963435173035
6,1491414694950,0.07081914693117142,-0.0036354989279061556,0.265536904335022
6,1491414694994,-0.009238890372216702,0.01662786304950714,0.08905231952667236
6,1491414695031,0.045827627182006836,-0.05770912766456604,0.05790383368730545
6,1491414695069,0.013164795935153961,-0.02680831402540207,0.07939217984676361
6,1491414695109,-0.016266323626041412,0.008206925354897976,0.015926916152238846
6,1491414695149,0.03841470554471016,0.011662513948976994,0.039130646735429764
6,1491414695190,0.033230699598789215,-0.013441749848425388,0.00782726239413023
6,1491414695229,0.04010112211108208,-0.01855645701289177,0.11320407688617706
6,1491414695272,0.02011621557176113,-0.026446212083101273,0.10581197589635849
6,1491414695311,0.034788474440574646,0.020423242822289467,-0.08172768354415894
6,1491414695349,0.00908315647393465,-0.014872274361550808,-0.16116787493228912
6,1491414695390,0.0077199749648571014,0.004852654412388802,0.14541885256767273
6,1491414695431,-0.0012890496291220188,0.04001031816005707,0.07373848557472229
6,1491414695469,0.05413460731506348,-0.0287090465426445,0.1671282947063446
6,1491414695511,0.0032313670963048935,-0.0215466171503067,0.1882820725440979
6,1491414695551,-0.04247026890516281,0.016779037192463875,0.0001778317819116637
6,1491414695591,-0.018012329936027527,0.004464947618544102,0.0733245238661766
6,1491414695630,-0.002368849702179432,0.0034134385641664267,-0.049872443079948425
6,1491414695670,-0.010089132003486156,0.01529601588845253,0.15365572273731232
6,1491414695710,-0.029954858124256134,0.007413744926452637,0.1067613884806633
6,1491414695750,0.06233806908130646,-0.050884418189525604,0.06522995233535767
6,1491414695789,-0.04513171687722206,0.06753374636173248,0.0615316778421402
6,1491414695831,0.0665888637304306,-0.14393748342990875,0.012012336403131485
6,1491414695871,0.01876887120306492,0.0011495512444525957,0.129860058426857
6,1491414695912,-0.08692163974046707,0.1012992411851883,0.02309979684650898
6,1491414695953,-0.0021773234475404024,0.003138275584205985,0.1919487863779068
6,1491414695989,0.00905458815395832,-0.09370265901088715,-0.0013111867010593414
6,1491414696029,0.075387142598629,-0.061629898846149445,-0.07361645996570587
6,1491414696069,0.08613476157188416,-0.0040640137158334255,0.2584342062473297
6,1491414696114,0.059296686202287674,-0.04315529018640518,0.25200390815734863
6,1491414696150,0.11030952632427216,-0.035765185952186584,0.04298372194170952
6,1491414696189,0.16552770137786865,-0.12085678428411484,0.5002231597900391
6,1491414696236,0.08533143997192383,-0.10599184781312943,0.03759296238422394
6,1491414696270,0.08309710770845413,-0.05447491630911827,0.10134410113096237
6,1491414696310,-0.04871206730604172,0.03953196108341217,0.09247433394193649
6,1491414696349,-0.04646703973412514,-0.005435505416244268,0.00360434059984982
6,1491414696387,0.15810218453407288,-0.1015026718378067,0.46555382013320923
6,1491414696431,0.0940360575914383,-0.10515855997800827,-0.028215374797582626
6,1491414696470,-0.06209912896156311,-0.019902389496564865,0.29550036787986755
6,1491414696511,0.04033123329281807,-0.02663428708910942,-0.30111587047576904
6,1491414696550,0.21480153501033783,-0.17252828180789948,0.48590219020843506
6,1491414696587,-0.09028610587120056,0.05704054236412048,0.16526424884796143
6,1491414696631,0.0759689211845398,-0.050097011029720306,-0.15014131367206573
6,1491414696671,0.1709415465593338,-0.10994124412536621,0.24770042300224304
6,1491414696710,-0.09936964511871338,0.004256869200617075,-0.20505885779857635
6,1491414696751,0.12308771908283234,-0.1149810180068016,-0.1704881638288498
6,1491414696790,-0.09878166764974594,0.07609885185956955,0.755568265914917
6,1491414696829,0.11392705142498016,-0.11384556442499161,-0.3153829872608185
6,1491414696870,-0.08749538660049438,0.006748734042048454,0.3398512899875641
6,1491414696909,0.2096712738275528,-0.07285608351230621,0.1609543412923813
6,1491414696950,-0.18627741932868958,-0.024910669773817062,0.18803194165229797
6,1491414696994,0.220767542719841,-0.024396423250436783,-0.1546728014945984
6,1491414697035,-0.11010295152664185,-0.030629225075244904,0.3179037272930145
6,1491414697070,0.026888780295848846,-0.05950979143381119,-0.2402300089597702
6,1491414697110,-0.10399652272462845,0.05646379292011261,0.42148706316947937
6,1491414697149,0.17701826989650726,-0.09546945989131927,-0.10873708873987198
6,1491414697197,-0.09110642224550247,0.060071151703596115,0.37256765365600586
6,1491414697230,0.16249248385429382,-0.06846282631158829,0.06731408089399338
6,1491414697270,-0.15395289659500122,0.05924810841679573,0.02129906229674816
6,1491414697311,0.12388408184051514,0.056305065751075745,0.45208531618118286
6,1491414697353,0.002703938400372863,-0.04161924123764038,0.01953784003853798
6,1491414697389,-0.1775202602148056,0.07079844921827316,0.44019410014152527
6,1491414697433,0.18694300949573517,-0.1193413957953453,0.1749257594347
6,1491414697470,0.003410689067095518,-0.019039951264858246,0.5739031434059143
6,1491414697511,-0.06791839003562927,0.06945006549358368,-0.23903964459896088
6,1491414697549,0.21529030799865723,-0.07377740740776062,0.5260732769966125
6,1491414697590,-0.1133650690317154,-0.019205113872885704,-0.14063800871372223
6,1491414697630,-0.07961959391832352,0.08592130243778229,0.3690342307090759
6,1491414697669,0.1355954259634018,-0.08011306077241898,0.37566667795181274
6,1491414697710,0.016215695068240166,-0.10252190381288528,0.13875921070575714
6,1491414697748,-0.004926541820168495,-0.05536331981420517,0.4680924415588379
6,1491414697787,-0.2028811126947403,0.04583287984132767,0.07203419506549835
6,1491414697830,-0.12117666006088257,0.04215654730796814,0.5730398297309875
6,1491414697870,-0.08110681176185608,0.03958197683095932,0.11837320029735565
6,1491414697918,-0.0314379520714283,-0.014696975238621235,0.34587380290031433
6,1491414697953,-0.015507983043789864,0.041263073682785034,0.15598472952842712
6,1491414697989,-0.13902045786380768,0.04123365134000778,0.10469965636730194
6,1491414698029,-0.11456269770860672,0.07665317505598068,0.6079035401344299
6,1491414698071,-0.03062434121966362,-0.03761369735002518,0.13976503908634186
6,1491414698109,0.051457881927490234,-0.09051903337240219,0.3675508201122284
6,1491414698151,-0.024224253371357918,0.008977786637842655,0.17484429478645325
6,1491414698189,-0.07742505520582199,0.01379692554473877,0.3767680823802948
6,1491414698231,-0.01061320025473833,-0.020794400945305824,0.39145079255104065
6,1491414698270,-0.01984373852610588,0.06260877102613449,0.4721113443374634
6,1491414698309,-0.007996106520295143,-0.05164037644863129,0.18895642459392548
6,1491414698351,-0.024658488109707832,0.04409803822636604,0.2911922037601471
6,1491414698389,-0.04118361324071884,0.009542878717184067,0.24894048273563385
6,1491414698429,-0.008381970226764679,0.03162241354584694,0.3367336392402649
6,1491414698470,-0.00624051271006465,0.026960603892803192,0.4923490881919861
6,1491414698509,0.006751026026904583,-0.03987596184015274,0.40823984146118164
6,1491414698553,-0.037320576608181,0.0023399211931973696,0.5302621722221375
6,1491414698591,-0.03085946850478649,-0.005911571905016899,0.32075831294059753
6,1491414698634,-0.014882064424455166,-0.028335431590676308,0.2704636752605438
6,1491414698670,-0.07144016772508621,0.016231214627623558,-0.1547018438577652
6,1491414698709,0.009127127937972546,0.056263092905282974,0.5225902199745178
6,1491414698749,-0.0010408693924546242,0.00040310394251719117,0.28392064571380615
6,1491414698789,-0.009088627062737942,-0.015682974830269814,0.3663559854030609
6,1491414698830,-0.025130175054073334,-0.01155412569642067,0.433309942483902
6,1491414698875,-0.01859552599489689,-0.007128268014639616,0.35198405385017395
6,1491414698910,-0.10228866338729858,0.05246526375412941,0.20204563438892365
6,1491414698955,0.00538041302934289,-0.031098946928977966,0.4885285794734955
6,1491414698990,-0.038410671055316925,0.03410569578409195,0.20968565344810486
6,1491414699030,0.026227371767163277,-0.044705215841531754,0.4204547107219696
6,1491414699071,-0.0632009506225586,0.022230982780456543,0.30168336629867554
6,1491414699110,0.01674390397965908,-0.09198726713657379,0.2549532949924469
6,1491414699149,-0.03428339213132858,0.04181269183754921,0.4313906729221344
6,1491414699190,-0.05392846465110779,-0.004529403056949377,0.21904708445072174
6,1491414699229,0.07691201567649841,-0.005332730244845152,0.3865138292312622
6,1491414699277,0.11586908996105194,-0.1296033263206482,0.3178010880947113
6,1491414699309,0.02520018070936203,-0.07861437648534775,0.17253655195236206
6,1491414699350,0.01532761100679636,-0.057070292532444,0.5041753649711609
6,1491414699389,-0.06312830746173859,-0.019394496455788612,0.08953296393156052
6,1491414699430,-0.01701348088681698,-0.05870246887207031,0.4727499783039093
6,1491414699469,-0.004323737230151892,-0.04721146449446678,0.21788577735424042
6,1491414699509,0.04479023069143295,-0.0732061117887497,0.20131905376911163
6,1491414699550,0.022277697920799255,-0.047541290521621704,0.3676423728466034
6,1491414699593,-0.10068924725055695,0.014966997317969799,0.023419653996825218
6,1491414699630,-0.1677541732788086,0.04748702794313431,0.02668238990008831
6,1491414699670,-0.0971740335226059,0.11561153084039688,0.4586239457130432
6,1491414699711,-0.011318129487335682,-0.0654405951499939,0.3707581162452698
6,1491414699750,-0.00013942344230599701,-0.07114793360233307,0.17088726162910461
6,1491414699796,-0.07257339358329773,0.0449974462389946,0.13752813637256622
6,1491414699829,0.015745628625154495,-0.08206919580698013,0.034490615129470825
6,1491414699870,0.04326474666595459,-0.022568456828594208,0.6192899942398071
6,1491414699910,-0.09713228791952133,0.030781220644712448,-0.3631405532360077
6,1491414699950,0.06286386400461197,-0.0742875412106514,0.6635169386863708
6,1491414699989,-0.06776627898216248,0.05491983890533447,0.057516299188137054
6,1491414700031,0.037360724061727524,-0.14409169554710388,0.7071679830551147
6,1491414700070,-0.14513857662677765,0.10229923576116562,0.15177156031131744
6,1491414700112,0.1423589587211609,-0.15907029807567596,0.32605624198913574
6,1491414700151,-0.17505861818790436,0.15374651551246643,0.17108991742134094
6,1491414700189,0.17922714352607727,-0.17869026958942413,0.3238738775253296
6,1491414700229,-0.12313155829906464,0.1413320153951645,0.26121750473976135
6,1491414700270,0.1533007025718689,-0.09041411429643631,0.27155107259750366
6,1491414700310,-0.11512674391269684,0.09691105037927628,0.007208251394331455
6,1491414700350,-0.052512139081954956,-0.019629599526524544,-0.48743510246276855
6,1491414700388,-0.008340748958289623,0.03173018991947174,0.994136393070221
6,1491414700431,0.0014734952710568905,-0.04675937071442604,-0.385433554649353
6,1491414700472,-0.025389380753040314,0.05101809278130531,0.5679233074188232
6,1491414700510,0.025608336552977562,-0.017379727214574814,-0.048662710934877396
6,1491414700557,-0.04190163314342499,-0.0518992580473423,0.49888116121292114
6,1491414700589,0.01569913513958454,0.055625125765800476,-0.02554258145391941
6,1491414700628,-0.015370461158454418,-0.0533650703728199,0.5517507791519165
6,1491414700671,-0.00622245529666543,0.06784035265445709,-0.09146803617477417
6,1491414700710,0.04880286380648613,-0.06346066296100616,0.6228487491607666
6,1491414700751,-0.04737742990255356,0.07810848206281662,-0.1647145003080368
6,1491414700791,-0.038464199751615524,0.03865315765142441,0.11762801557779312
6,1491414700831,0.021431731060147285,-0.06354469060897827,0.4107699692249298
6,1491414700871,0.017206016927957535,0.05329125374555588,-0.25654473900794983
6,1491414700909,-0.05420130491256714,0.04493328928947449,0.2887379229068756
6,1491414700955,-0.07097592204809189,0.05649878457188606,0.037263497710227966
6,1491414700990,0.0805412232875824,-0.08229351788759232,0.38836902379989624
6,1491414701030,-0.009790207259356976,0.02528223767876625,-0.14560994505882263
6,1491414701073,-0.00709320604801178,0.05166325718164444,0.013817217200994492
6,1491414701112,-0.0921221375465393,0.04360693320631981,0.15315279364585876
6,1491414701149,-0.052548836916685104,0.04004743695259094,0.1318957507610321
6,1491414701190,0.016463827341794968,0.06991718709468842,0.15897224843502045
6,1491414701230,0.0491621270775795,0.02230575494468212,0.09907453507184982
6,1491414701272,-0.018694592639803886,0.03692680597305298,0.03996102511882782
6,1491414701310,0.03483753278851509,-0.046094708144664764,-0.08224540948867798
6,1491414701350,0.03809209540486336,-0.03010115772485733,0.24590320885181427
6,1491414701392,0.08757339417934418,-0.02766602113842964,0.012910634279251099
6,1491414701431,-0.0341927669942379,0.008982460014522076,0.32703134417533875
6,1491414701474,-0.014825643040239811,0.020290061831474304,-0.07019445300102234
6,1491414701512,0.06840493530035019,-0.0348389707505703,0.1647718846797943
6,1491414701550,-0.0415865033864975,0.07583212852478027,0.12987986207008362
6,1491414701591,-0.04672926291823387,0.013001651503145695,-0.126748189330101
6,1491414701630,-0.022681616246700287,0.028493870049715042,0.08425277471542358
6,1491414701675,-0.012617042288184166,0.08043722808361053,0.010434994474053383
6,1491414701710,-0.03390026092529297,0.0012908136704936624,0.11152376979589462
6,1491414701749,0.04702288657426834,-0.001048379810526967,0.29532021284103394
6,1491414701790,-0.018725937232375145,-0.015685351565480232,-0.02733534388244152
6,1491414701830,0.013250277377665043,-0.008314734324812889,-0.04501550644636154
6,1491414701869,0.05086594447493553,-0.02518850937485695,0.18024563789367676
6,1491414701910,-0.008984501473605633,-0.022591760382056236,0.08996421843767166
6,1491414701950,-0.03840842470526695,0.03303986042737961,0.0014867805875837803
6,1491414701994,-0.014212742447853088,0.013123507611453533,0.10690424591302872
6,1491414702032,-0.021085692569613457,-0.038617927581071854,0.6153111457824707
6,1491414702070,-0.004015880636870861,-0.043675292283296585,0.2766188681125641
6,1491414702119,0.007138434797525406,0.01725006476044655,-0.011403858661651611
6,1491414702151,0.03511436656117439,-0.0734526664018631,-0.05365023389458656
6,1491414702189,-0.0318906344473362,-0.017186976969242096,-0.05622684955596924
6,1491414702230,-0.02750593237578869,0.04750563204288483,-0.03661734238266945
6,1491414702268,-0.042835015803575516,0.048332083970308304,0.06502943485975266
6,1491414702310,0.044036898761987686,-0.02979670651257038,0.11670977622270584
6,1491414702352,0.024122219532728195,-0.05811246857047081,0.03376433998346329
6,1491414702389,0.041191454976797104,-0.013581668958067894,-0.0029308656230568886
6,1491414702431,-0.05304879695177078,-0.012126454152166843,-0.044378843158483505
6,1491414702466,0.034186191856861115,0.002217785455286503,-0.025632774457335472
6,1491414702510,-0.10519903898239136,0.09652186185121536,0.189334899187088
6,1491414702549,-0.016836043447256088,0.006209481507539749,-0.14451418817043304
6,1491414702590,0.06671134382486343,-0.06741034984588623,0.11668293178081512
6,1491414702631,0.005839829333126545,0.02241642400622368,0.0952121764421463
6,1491414702670,-0.09256427735090256,0.062314473092556,0.20962071418762207
6,1491414702710,-0.018174873664975166,-0.04144824296236038,-0.04542415216565132
6,1491414702753,0.06699450314044952,-0.03505093976855278,0.09536727517843246
6,1491414702790,0.09789901226758957,-0.15036514401435852,0.11643293499946594
6,1491414702829,0.06072908267378807,-0.04606911912560463,0.12397675961256027
6,1491414702877,0.03919793292880058,-0.049791671335697174,0.31650474667549133
6,1491414702910,-0.005774311721324921,-0.08353306353092194,-0.16174302995204926
6,1491414702953,-0.0870039090514183,0.005592574365437031,0.15538060665130615
6,1491414702991,-0.061632830649614334,0.03719732165336609,0.033644046634435654
6,1491414703030,0.017241453751921654,0.018635369837284088,-0.03171253204345703
6,1491414703070,0.11607213318347931,-0.03887544199824333,0.18420714139938354
6,1491414703110,0.1746249794960022,-0.17792171239852905,0.26284554600715637
6,1491414703150,-0.15811225771903992,0.003832216141745448,-0.006840410176664591
6,1491414703192,-0.08218512684106827,0.030852435156702995,-0.09824482351541519
6,1491414703230,0.16274119913578033,-0.08582717925310135,0.561419665813446
6,1491414703270,-0.10468771308660507,0.06790251284837723,0.3088434338569641
6,1491414703310,-0.17202232778072357,0.0880500003695488,-0.18117974698543549
6,1491414703349,0.1748124659061432,-0.08579328656196594,0.25987276434898376
6,1491414703391,-0.14147555828094482,0.05485527962446213,0.32046377658843994
6,1491414703430,0.11553779244422913,-0.05485336109995842,-0.2001759558916092
6,1491414703469,-0.07711724191904068,0.0028240422252565622,0.757551908493042
6,1491414703511,0.004233458079397678,0.003761614440008998,-0.6305254697799683
6,1491414703560,0.08166471868753433,-0.12469793856143951,0.7855353355407715
6,1491414703595,-0.10594061017036438,0.04961399734020233,-0.2169657200574875
6,1491414703630,-0.03424927219748497,-0.06614316254854202,0.3994441628456116
6,1491414703670,-0.026479598134756088,0.08310048282146454,0.3237878978252411
6,1491414703710,-0.046350929886102676,-0.0851273462176323,0.11309441924095154
6,1491414703750,0.023942602798342705,0.07447373867034912,0.6030869483947754
6,1491414703789,0.1004919707775116,-0.10487835109233856,0.2075279951095581
6,1491414703830,-0.09236103296279907,0.12314385920763016,0.33549830317497253
6,1491414703873,0.005611035972833633,-0.05811883136630058,0.2441907376050949
6,1491414703910,-0.0696035772562027,0.053359877318143845,0.22634665668010712
6,1491414703951,-0.005969418212771416,-0.027183936908841133,0.05402788147330284
6,1491414703991,-0.09274741262197495,0.058880019932985306,0.5794259309768677
6,1491414704030,0.19477081298828125,-0.1305195838212967,-0.35676679015159607
6,1491414704070,-0.18823054432868958,0.10150907188653946,0.5778698325157166
6,1491414704110,0.11063715815544128,-0.06688664108514786,0.05012160912156105
6,1491414704150,-0.028338035568594933,0.0038201813586056232,0.49127307534217834
6,1491414704199,-0.06854782998561859,0.1578693687915802,0.05858283489942551
6,1491414704233,0.1662411093711853,-0.1503440886735916,0.4176947772502899
6,1491414704270,-0.05944936349987984,0.09520957618951797,0.3109215199947357
6,1491414704317,-0.02556699700653553,0.05784270539879799,0.16846619546413422
6,1491414704355,0.15383051335811615,-0.09800111502408981,0.3365219533443451
6,1491414704389,0.05669084191322327,-0.03620745986700058,0.4618336260318756
6,1491414704428,-0.1147439181804657,0.00445960508659482,0.11349284648895264
6,1491414704469,-0.08926325291395187,0.060462452471256256,-0.08591590076684952
6,1491414704511,0.03425988927483559,0.08808846771717072,0.6490635871887207
6,1491414704550,0.12344677746295929,-0.030574040487408638,-0.2512405216693878
6,1491414704590,0.10697180777788162,-0.012079083360731602,0.5975306630134583
6,1491414704627,0.048769351094961166,0.00500110350549221,-0.05648026615381241
6,1491414704673,0.028856011107563972,0.01571747101843357,0.28465306758880615
6,1491414704710,0.06896674633026123,0.007061024196445942,0.22267188131809235
6,1491414704750,-0.057929400354623795,0.16313426196575165,0.11969827115535736
6,1491414704792,-0.07705554366111755,0.10794880986213684,0.3167329430580139
6,1491414704832,0.0022642428521066904,-0.017979562282562256,0.45302191376686096
6,1491414704870,0.031104234978556633,-0.038262974470853806,0.17177356779575348
6,1491414704910,-0.16888287663459778,0.14230196177959442,0.3376970887184143
6,1491414704951,-0.02180097997188568,0.00806591846048832,0.3415803015232086
6,1491414704992,-0.03677452355623245,0.056848760694265366,0.4052160978317261
6,1491414705036,-0.012859029695391655,0.03766883909702301,0.4076824486255646
6,1491414705069,0.03529577702283859,0.04857534170150757,0.3877849578857422
6,1491414705110,0.006559042725712061,-0.017158927395939827,0.3883388638496399
6,1491414705150,-0.016834093257784843,0.031998101621866226,0.184945210814476
6,1491414705190,0.025288520380854607,0.005252311006188393,0.3179837763309479
6,1491414705232,-0.03597620874643326,0.059555113315582275,0.38724657893180847
6,1491414705271,-0.0368146076798439,0.03313830494880676,0.30564647912979126
6,1491414705312,0.023040728643536568,-0.00423039123415947,0.4746677279472351
6,1491414705351,-0.0020884594414383173,0.004037885461002588,0.38471701741218567
6,1491414705390,0.0057373675517737865,0.0664834976196289,0.5599294900894165
6,1491414705430,-0.04566187784075737,-0.04199656471610069,0.13983263075351715
6,1491414705469,0.005858417134732008,0.044801339507102966,0.4089529514312744
6,1491414705511,-0.04490986093878746,0.0015135753201320767,0.37952882051467896
6,1491414705551,-0.018744662404060364,0.0017580152489244938,0.360592782497406
6,1491414705590,-0.005577395670115948,0.010387303307652473,0.41941794753074646
6,1491414705629,-0.0002699966134969145,-0.0224542748183012,0.2947506606578827
6,1491414705671,0.009071534499526024,-0.06541718542575836,0.33048924803733826
6,1491414705710,-0.037879828363657,0.04478837177157402,0.3367912769317627
6,1491414705750,0.05879182368516922,-0.0789860412478447,0.22305472195148468
6,1491414705789,-0.08334682881832123,0.07960139960050583,0.32227981090545654
6,1491414705831,0.038960568606853485,-0.022167230024933815,0.30825164914131165
6,1491414705871,0.03591986373066902,-0.08161749690771103,0.24081182479858398
6,1491414705909,-0.04454975575208664,0.07759243994951248,0.46979251503944397
6,1491414705950,-0.07052946835756302,0.026184363290667534,-0.009619122371077538
6,1491414705990,0.004853530786931515,0.03793729469180107,0.3394467532634735
6,1491414706032,0.0628168135881424,-0.08626799285411835,0.27567899227142334
6,1491414706070,0.03238457813858986,-0.10555795580148697,0.22982896864414215
6,1491414706110,0.06566750258207321,-0.0827166736125946,0.7366283535957336
6,1491414706152,0.047113314270973206,-0.08140705525875092,0.2983054518699646
6,1491414706195,0.045241642743349075,-0.08612286299467087,0.7735079526901245
6,1491414706232,0.024385623633861542,-0.005798676051199436,0.44700396060943604
6,1491414706272,-0.03059457428753376,-0.04866849631071091,0.09433463960886002
6,1491414706311,-0.023871980607509613,0.024116292595863342,0.074525848031044
6,1491414706353,0.003495330223813653,0.018133848905563354,0.5607782006263733
6,1491414706390,0.11417078971862793,-0.1523781567811966,0.029093043878674507
6,1491414706432,0.14069832861423492,-0.09566683322191238,0.7048664689064026
6,1491414706470,-0.12224952131509781,0.09555711597204208,-0.2310192734003067
6,1491414706512,0.03226432204246521,-0.005431437399238348,0.5393707156181335
6,1491414706551,0.11813778430223465,-0.10264179855585098,0.40296873450279236
6,1491414706590,-0.03818841278553009,0.07997552305459976,-0.25557151436805725
6,1491414706631,0.17092065513134003,-0.1196654662489891,0.825880765914917
6,1491414706669,-0.125825434923172,0.050429847091436386,-0.18826289474964142
6,1491414706712,0.051131464540958405,-0.0655205100774765,0.49840110540390015
6,1491414706751,-0.04783322662115097,0.06045812368392944,0.43495041131973267
6,1491414706790,-0.010311123915016651,-0.057089563459157944,0.050249308347702026
6,1491414706832,0.012823768891394138,0.027559593319892883,0.5106939077377319
6,1491414706871,0.014857811853289604,-0.037828877568244934,-0.1936299055814743
6,1491414706917,-0.06370377540588379,0.03963500261306763,0.4036494791507721
6,1491414706950,0.07772384583950043,-0.001200539874844253,-0.04440994933247566
6,1491414706989,-0.0806010290980339,0.02233009599149227,0.1484215259552002
6,1491414707029,-0.09691827744245529,0.14110703766345978,-0.18853913247585297
6,1491414707071,0.037046026438474655,-0.07866860926151276,0.8730323314666748
6,1491414707110,-0.08669812977313995,0.10015669465065002,-0.44848576188087463
6,1491414707152,0.0784069299697876,-0.07671112567186356,0.8171202540397644
6,1491414707192,-0.07652513682842255,0.13591137528419495,-0.16327041387557983
6,1491414707230,0.07281122356653214,-0.09169737994670868,0.5404508113861084
6,1491414707270,-0.005878638941794634,0.1018298789858818,-0.13894599676132202
6,1491414707310,0.0016835322603583336,-0.12269680947065353,0.37929391860961914
6,1491414707350,0.022502176463603973,0.14991523325443268,-0.13839219510555267
6,1491414707390,-0.061878036707639694,-0.06413079053163528,0.3947170078754425
6,1491414707429,0.02068011276423931,0.014602428302168846,-0.03626539930701256
6,1491414707470,0.015042297542095184,0.01865702122449875,0.2055412232875824
6,1491414707512,0.06366616487503052,-0.07238075137138367,0.26402050256729126
6,1491414707550,0.012968231923878193,0.006514294538646936,-0.14651884138584137
6,1491414707591,-0.055578652769327164,0.07398589700460434,0.038895003497600555
6,1491414707630,0.03814825043082237,-0.014815046451985836,0.22821584343910217
6,1491414707675,0.06542323529720306,-0.0740688219666481,0.3082347512245178
6,1491414707711,-0.01510212104767561,-0.007038803771138191,-0.060758110135793686
6,1491414707750,-0.10670837759971619,0.08308694511651993,0.1293872743844986
6,1491414707793,-0.050205036997795105,0.09782141447067261,-0.022123780101537704
6,1491414707830,-0.004031830932945013,0.020731253549456596,0.24949230253696442
6,1491414707869,-0.06182200461626053,0.0648784264922142,0.055366259068250656
6,1491414707909,-0.047720879316329956,0.07196974754333496,0.17881545424461365
6,1491414707950,-0.05248153582215309,0.04047949239611626,-0.264369398355484
6,1491414707989,-0.12953084707260132,0.127206489443779,0.06357065588235855
6,1491414708033,-0.10638782382011414,0.14413295686244965,-0.06546535342931747
6,1491414708069,-0.030115369707345963,0.060039762407541275,0.06746527552604675
6,1491414708110,-0.02630646340548992,0.027051009237766266,0.3270708918571472
6,1491414708150,-0.012535614892840385,-0.02463221177458763,0.08743086457252502
6,1491414708190,-0.10894878953695297,0.12667891383171082,0.25639665126800537
6,1491414708230,-0.041969530284404755,0.01849345490336418,-0.05022311210632324
6,1491414708272,-0.01778293401002884,-0.017471378669142723,0.3603954613208771
6,1491414708316,-0.027972575277090073,0.06286568194627762,-0.023470720276236534
6,1491414708350,0.026498889550566673,-0.07195919007062912,0.15688960254192352
6,1491414708387,-0.04371422901749611,0.04999446123838425,0.08763515949249268
6,1491414708430,-0.0005069224280305207,-0.014478843659162521,-0.01420749630779028
6,1491414708469,0.011042386293411255,0.006266760639846325,0.18950781226158142
6,1491414708510,-0.03573421388864517,0.03186793997883797,0.20844073593616486
6,1491414708552,-0.0393529012799263,0.03528013452887535,0.061182133853435516
6,1491414708589,0.005409776233136654,-0.02253633737564087,0.15814988315105438
6,1491414708628,-0.023129863664507866,0.006186090409755707,-0.02865579165518284
6,1491414708669,-0.021712327376008034,-0.025640791282057762,0.0812930315732956
6,1491414708713,-0.03937865421175957,0.03247794136404991,0.008489162661135197
6,1491414708750,-0.04409633204340935,0.02024257369339466,-0.13767795264720917
6,1491414708790,0.010026155970990658,0.01886819675564766,0.12254751473665237
6,1491414708829,-0.003944415599107742,0.02530609257519245,0.0853668749332428
6,1491414708871,-0.019396914169192314,0.028484821319580078,0.21935299038887024
6,1491414708912,-0.005216230638325214,0.02532246522605419,0.19789525866508484
6,1491414708951,-0.05319026857614517,0.04204391688108444,0.04677285999059677
6,1491414708990,0.011991509236395359,-0.021511422470211983,0.11154519766569138
6,1491414709032,-0.006403897888958454,0.005809608846902847,-0.04405571147799492
6,1491414709069,-0.037096574902534485,0.011289862915873528,0.17602431774139404
6,1491414709110,0.012739654630422592,-0.02087300270795822,0.20257671177387238
6,1491414709152,-0.03992299363017082,0.056009020656347275,0.003937824163585901
6,1491414709189,0.03492235392332077,-0.09237419068813324,0.0024157878942787647
6,1491414709232,0.0216632392257452,-0.018219146877527237,-0.00319645251147449
6,1491414709270,-0.02909192442893982,-0.013753652572631836,0.031141066923737526
6,1491414709310,0.03848303109407425,-0.09563989192247391,-0.017921121791005135
6,1491414709352,0.06371676921844482,-0.07892343401908875,-0.07985679060220718
6,1491414709392,-7.47905778553104e-06,0.025606507435441017,0.2399330884218216
6,1491414709431,-0.07772097736597061,0.03514428809285164,0.22859612107276917
6,1491414709470,-0.046004559844732285,0.012690755538642406,-0.023877611383795738
6,1491414709510,-0.06193353980779648,-0.006456326227635145,0.12310066819190979
6,1491414709553,-0.07193402945995331,0.0007776396814733744,-0.10444173961877823
6,1491414709592,-0.061815060675144196,0.06516072154045105,0.058818668127059937
6,1491414709630,-0.08512042462825775,0.03345043584704399,-0.05055718123912811
6,1491414709670,-0.05171713978052139,0.07049854844808578,0.054069098085165024
6,1491414709709,-0.007671458180993795,0.06785406172275543,0.23517465591430664
6,1491414709752,0.03623252734541893,0.02076871134340763,0.10832791030406952
6,1491414709790,0.03070215880870819,-0.1105731651186943,0.1697641909122467
6,1491414709830,-0.20250169932842255,0.13735969364643097,0.07850386947393417
6,1491414709869,-0.06529615819454193,0.07963743805885315,-0.00816765520721674
6,1491414709910,0.1375066339969635,-0.08123525232076645,0.06546769291162491
6,1491414709950,0.05989643558859825,-0.060276247560977936,0.49000659584999084
6,1491414709992,-0.1140565350651741,0.1044008657336235,-0.13285616040229797
6,1491414710029,0.03977467492222786,-0.03157009556889534,0.4816555380821228
6,1491414710071,-0.0338769406080246,-0.0374004989862442,-0.12947489321231842
6,1491414710110,-0.04267566651105881,0.04279651492834091,0.06010991334915161
6,1491414710149,0.044232144951820374,-0.04400857165455818,0.1871907114982605
6,1491414710189,-0.1906881034374237,0.11547308415174484,-0.2518492639064789
6,1491414710230,0.14161765575408936,-0.1196087896823883,0.400610089302063
6,1491414710270,-0.2937944531440735,0.14836695790290833,0.04804356023669243
6,1491414710309,0.18217523396015167,-0.10559255629777908,0.03472338989377022
6,1491414710350,-0.23652634024620056,0.14517897367477417,0.7213205099105835
6,1491414710390,0.10752998292446136,-0.12715785205364227,-0.3981572389602661
6,1491414710429,-0.17405536770820618,0.17027243971824646,0.6705288290977478
6,1491414710470,0.16390928626060486,-0.18788109719753265,-0.25560030341148376
6,1491414710512,-0.2347295582294464,0.15160055458545685,0.6316442489624023
6,1491414710550,0.20951834321022034,-0.20642653107643127,-0.1595725119113922
6,1491414710591,-0.14727404713630676,0.12239035964012146,0.531575620174408
6,1491414710630,0.2146587371826172,-0.11386660486459732,0.1690429002046585
6,1491414710669,-0.22295290231704712,0.12182038277387619,0.14424289762973785
6,1491414710712,0.039718810468912125,-0.09399879723787308,-0.017860841006040573
6,1491414710750,-0.22496338188648224,0.15841175615787506,0.545487642288208
6,1491414710790,0.11068069189786911,-0.03664299100637436,0.17817245423793793
6,1491414710830,0.06248049437999725,-0.06271959096193314,0.3368762731552124
6,1491414710869,-0.0887959897518158,0.09801027923822403,0.524613082408905
6,1491414710911,0.08168952167034149,-0.03902028873562813,-0.3021380305290222
6,1491414710950,-0.10709144920110703,0.12631256878376007,0.8419069051742554
6,1491414710990,-0.10266251862049103,-0.00817795842885971,-0.5069732069969177
6,1491414711034,0.055354196578264236,-0.007191544398665428,0.7166041731834412
6,1491414711070,0.007137741427868605,-0.04752069711685181,0.2323729693889618
6,1491414711110,-0.1806587278842926,0.013060437515377998,0.009777049534022808
6,1491414711153,-0.031421054154634476,0.06088079884648323,0.21000082790851593
6,1491414711189,0.11980026960372925,-0.029780250042676926,0.1759243756532669
6,1491414711237,0.07199232280254364,-0.04272794723510742,0.38021618127822876
6,1491414711270,0.08945620059967041,-0.038530632853507996,0.10506710410118103
6,1491414711310,0.04189305379986763,-0.1046990230679512,0.17013870179653168
6,1491414711352,0.0769069716334343,-0.0263750571757555,0.48935291171073914
6,1491414711391,0.07802046835422516,-0.0616600476205349,0.5238551497459412
6,1491414711430,-0.012482650578022003,-0.04165249690413475,0.13659824430942535
6,1491414711471,0.05121372640132904,-0.0201626718044281,0.5754392743110657
6,1491414711509,-0.0786842629313469,0.1014365702867508,0.1920987218618393
6,1491414711552,0.0320509634912014,-0.00015484425239264965,0.12653520703315735
6,1491414711590,0.08528643846511841,-0.03697975352406502,0.44877317547798157
6,1491414711638,0.035324953496456146,0.014285268262028694,0.09433732181787491
6,1491414711673,-0.010760015808045864,0.08065702766180038,0.4822603166103363
6,1491414711709,0.03426377475261688,-0.04239964857697487,0.4147844612598419
6,1491414711751,-0.04766922444105148,0.04196130111813545,0.37274205684661865
6,1491414711790,0.07937905937433243,-0.0655156746506691,0.34432515501976013
6,1491414711829,-0.022980542853474617,-0.0037294398061931133,0.4181196987628937
6,1491414711871,0.032958775758743286,0.002938800724223256,0.31086429953575134
6,1491414711911,-0.010892268270254135,0.03080586902797222,0.30466997623443604
6,1491414711952,0.015885943546891212,-0.03208920359611511,0.385860800743103
6,1491414711990,0.0318930484354496,-0.014891596511006355,0.3178582787513733
6,1491414712030,-0.054019905626773834,0.02581263706088066,0.28390565514564514
6,1491414712070,-0.029107343405485153,0.0004712892114184797,0.29950636625289917
6,1491414712112,0.00566118722781539,0.02933577075600624,0.29278481006622314
6,1491414712157,-0.006455714348703623,-0.03195330128073692,0.5089573860168457
6,1491414712194,0.008092700503766537,-0.0010427313391119242,0.18121419847011566
6,1491414712230,0.029883377254009247,-0.0006036550039425492,0.29870983958244324
6,1491414712269,0.0473807267844677,-0.034598227590322495,0.35609859228134155
6,1491414712310,0.002143595367670059,0.02286245860159397,0.14898687601089478
6,1491414712349,-0.06445876508951187,0.04424874857068062,0.38203442096710205
6,1491414712388,-0.0226413793861866,-0.027633266523480415,0.39149364829063416
6,1491414712429,-0.09839794784784317,0.0659056007862091,0.20470976829528809
6,1491414712475,0.022740857675671577,-0.04131646081805229,0.3115500509738922
6,1491414712511,-0.05191837623715401,-0.028118597343564034,0.1565849334001541
6,1491414712550,0.0032174575608223677,0.008202487602829933,0.2973244786262512
6,1491414712590,0.01726985163986683,-0.052459344267845154,0.3365505039691925
6,1491414712628,-0.07679746299982071,0.0011610466754063964,0.37205174565315247
6,1491414712668,-0.04658191278576851,0.09010036289691925,0.4734123945236206
6,1491414712711,-0.038404714316129684,0.049859002232551575,0.17751280963420868
6,1491414712752,0.0007977236527949572,0.0461115837097168,0.4902704954147339
6,1491414712792,0.048523783683776855,-0.03042464517056942,0.24238339066505432
6,1491414712830,0.034209586679935455,-0.02822943590581417,0.4290723204612732
6,1491414712870,0.034473493695259094,-0.02621973305940628,0.3620755970478058
6,1491414712913,0.06090208515524864,-0.019192183390259743,0.2893333435058594
6,1491414712951,0.020408576354384422,0.006791330873966217,0.12040674686431885
6,1491414712997,0.03570371866226196,0.09099645167589188,0.452674001455307
6,1491414713029,-0.01845446042716503,-0.006626789458096027,0.27805474400520325
6,1491414713068,0.09802297502756119,-0.1194804459810257,0.39802274107933044
6,1491414713115,0.15015490353107452,-0.13708597421646118,0.3228989839553833
6,1491414713150,-0.05581580847501755,0.04630904644727707,-0.25224706530570984
6,1491414713192,-0.013345620594918728,0.08951795846223831,0.7216476798057556
6,1491414713230,0.07878006249666214,-0.13619154691696167,0.42765891551971436
6,1491414713270,-0.008171815425157547,0.06285072863101959,0.12415621429681778
6,1491414713312,0.040033746510744095,-0.06702600419521332,0.37391340732574463
6,1491414713351,-0.138280987739563,0.05807066336274147,-0.06608232855796814
6,1491414713390,0.06746374070644379,0.014555434696376324,0.28127428889274597
6,1491414713432,0.04830033332109451,-0.02201925404369831,0.41736751794815063
6,1491414713470,0.002370499074459076,0.01183430477976799,-0.25557979941368103
6,1491414713511,0.04311676695942879,-0.10777895897626877,0.7065042853355408
6,1491414713550,-0.09970861673355103,0.10739768296480179,-0.5754534602165222
6,1491414713591,0.09183679521083832,-0.06393004953861237,1.0818731784820557
6,1491414713632,-0.09040576964616776,0.08596400171518326,-0.36963364481925964
6,1491414713671,0.08539526164531708,-0.14247514307498932,0.12833845615386963
6,1491414713710,-0.11192988604307175,0.2279212921857834,0.2428218573331833
6,1491414713751,0.10734190046787262,-0.1767289936542511,0.4431301951408386
6,1491414713792,-0.08261184394359589,0.18656226992607117,0.03927610442042351
6,1491414713830,0.1926981508731842,-0.16938798129558563,0.6402120590209961
6,1491414713870,-0.15402571856975555,0.13277360796928406,-0.26091644167900085
6,1491414713910,0.16313041746616364,-0.1664794683456421,0.4951469898223877
6,1491414713951,-0.11922760307788849,0.14554837346076965,0.16563203930854797
6,1491414713992,0.07894358038902283,-0.18421362340450287,0.09570702165365219
6,1491414714030,-0.04836812987923622,0.1494860202074051,0.11115109175443649
6,1491414714072,-0.02345304936170578,-0.10265230387449265,-0.1356525719165802
6,1491414714107,0.012243951670825481,0.06243663281202316,0.4079591929912567
6,1491414714150,-0.12369149923324585,0.04457823932170868,-0.2349550426006317
6,1491414714190,0.1320866197347641,-0.12291410565376282,0.5753229856491089
6,1491414714230,-0.05420496687293053,0.04831451550126076,-0.10509153455495834
6,1491414714273,-0.08348651230335236,0.07636918872594833,0.14027638733386993
6,1491414714311,0.013517240062355995,-0.10381001234054565,0.4116690158843994
6,1491414714350,0.06505146622657776,-0.09067951142787933,0.13203732669353485
6,1491414714391,-0.059969983994960785,-0.0075312042608857155,-0.06596039980649948
6,1491414714429,-0.06915238499641418,0.06929752230644226,-0.2894213795661926
6,1491414714470,-0.03785360977053642,0.10285668075084686,0.407789021730423
6,1491414714509,-0.026482220739126205,-0.0191525686532259,0.039600830525159836
6,1491414714550,-0.03810771554708481,0.0220730472356081,0.46597230434417725
6,1491414714595,-0.06042276322841644,0.011755093932151794,-0.21186910569667816
6,1491414714632,-0.02897300384938717,-0.07863769680261612,0.07868469506502151
6,1491414714670,-0.006574829574674368,0.02132575958967209,0.20155107975006104
6,1491414714710,-0.0353446863591671,0.01005518902093172,-0.038224440068006516
6,1491414714750,-0.09225466102361679,0.003926535602658987,0.09892392158508301
6,1491414714790,-0.10780294984579086,0.06347670406103134,-0.04572374001145363
6,1491414714830,-0.04354417324066162,0.052962712943553925,-0.10756154358386993
6,1491414714870,-0.04638289287686348,-0.029216093942523003,0.19716797769069672
6,1491414714912,-0.041116323322057724,0.002212521154433489,-0.024067573249340057
6,1491414714950,-0.03433673456311226,0.07036693394184113,0.07217932492494583
6,1491414714989,0.03470075502991676,-0.08413751423358917,0.25731709599494934
6,1491414715030,-0.0911664366722107,0.03613625466823578,-0.007503222674131393
6,1491414715071,0.04549499228596687,-0.03394019603729248,0.22541603446006775
6,1491414715115,-0.057025808840990067,0.0295871589332819,-0.06828288733959198
6,1491414715152,0.023312754929065704,-0.04072364419698715,0.07798758894205093
6,1491414715196,0.005320143420249224,0.0014901811955496669,0.08171741664409637
6,1491414715235,-0.02130448818206787,-0.00020476846839301288,0.16411572694778442
6,1491414715269,0.007903692312538624,-0.025443797931075096,0.04569604620337486
6,1491414715310,0.008707819506525993,-0.005162526853382587,0.22899477183818817
6,1491414715350,-0.022253260016441345,-0.026706770062446594,0.07298268377780914
6,1491414715389,-0.0075714485719799995,-0.014300481416285038,0.054047562181949615
6,1491414715429,-0.00753446901217103,0.023944612592458725,0.06386697292327881
6,1491414715470,-0.03188290074467659,-0.015346699394285679,0.426166832447052
6,1491414715511,-0.03294317051768303,0.03544328361749649,-0.06555931270122528
6,1491414715551,0.03508495166897774,-0.026032350957393646,0.03278947249054909
6,1491414715590,0.032388582825660706,-0.023797014728188515,0.0016695944359526038
6,1491414715634,0.0005145368631929159,-0.06710603088140488,0.044250085949897766
6,1491414715670,0.017634952440857887,-0.023281201720237732,0.1344485580921173
6,1491414715710,-0.038661036640405655,0.03714806213974953,0.0745219960808754
6,1491414715749,0.022731130942702293,-0.034058354794979095,0.1823098361492157
6,1491414715790,-0.012839318253099918,0.05417042598128319,-0.1574140191078186
6,1491414715832,0.033150821924209595,-0.023844929412007332,0.06513521820306778
6,1491414715870,0.06629164516925812,0.04752327874302864,-0.03710649162530899
6,1491414715910,-0.03407792001962662,-0.015391666442155838,0.10296252369880676
6,1491414715953,0.011218085885047913,0.00039610362728126347,0.18842314183712006
6,1491414715993,-0.05388832092285156,0.045279838144779205,0.09600266069173813
6,1491414716030,0.010847799479961395,-0.06615839153528214,-0.07896724343299866
6,1491414716070,0.036076124757528305,-0.023436250165104866,0.36086326837539673
6,1491414716110,0.005505593493580818,-0.010330322198569775,-0.17443418502807617
6,1491414716156,-0.028126757591962814,0.06612540781497955,0.10473477095365524
6,1491414716191,-0.07193409651517868,0.11088838428258896,0.17171387374401093
6,1491414716230,-0.061677638441324234,0.11488436907529831,0.05930173769593239
6,1491414716275,-0.013005922548472881,0.006732592824846506,-0.034347087144851685
6,1491414716313,-0.08991090953350067,0.08637725561857224,-0.07517535239458084
6,1491414716351,-0.030884472653269768,0.10408471524715424,0.19596372544765472
6,1491414716388,-0.017330674454569817,0.04525123909115791,-0.12871797382831573
6,1491414716427,-0.004425782710313797,-0.005155149381607771,0.09854524582624435
6,1491414716471,-0.0347907692193985,0.0064859334379434586,0.11395656317472458
6,1491414716510,-0.17541253566741943,0.1508784294128418,0.02630424313247204
6,1491414716551,-0.027942771092057228,0.09174611419439316,0.23534508049488068
6,1491414716600,0.09154240787029266,-0.03244646266102791,0.5503718852996826
6,1491414716627,-0.018511805683374405,-0.0025667035952210426,-0.016527336090803146
6,1491414716672,-0.05309967324137688,0.04921182245016098,0.061307698488235474
6,1491414716709,0.02443922683596611,-0.02687174081802368,-0.06905665248632431
6,1491414716750,-0.1005045622587204,-0.00972152128815651,0.3407011330127716
6,1491414716792,-0.014724651351571083,0.0017871907912194729,-0.07398010790348053
6,1491414716832,0.09716364741325378,-0.06151270493865013,0.48085516691207886
6,1491414716870,-0.14663457870483398,0.12003911286592484,-0.04788515716791153
6,1491414716909,0.16742095351219177,-0.09607701748609543,0.40936902165412903
6,1491414716950,-0.14103445410728455,0.022915905341506004,0.08681747317314148
6,1491414716989,0.20083947479724884,-0.09274429082870483,-0.17575061321258545
6,1491414717033,-0.21145278215408325,0.11282654106616974,0.6794260740280151
6,1491414717070,0.19771122932434082,-0.07820852845907211,-0.3492608964443207
6,1491414717114,-0.10270535200834274,0.031891368329524994,0.8425824046134949
6,1491414717151,0.1551920622587204,-0.11355825513601303,-0.567724883556366
6,1491414717190,-0.18262743949890137,0.12957492470741272,0.80303955078125
6,1491414717233,0.24137616157531738,-0.21792016923427582,-0.2947777211666107
6,1491414717275,-0.24348478019237518,0.1234915554523468,0.24820047616958618
6,1491414717310,0.18892227113246918,-0.09530269354581833,0.31011930108070374
6,1491414717350,-0.19936208426952362,-0.002361868042498827,0.2357621192932129
6,1491414717392,0.1837284415960312,-0.03275146335363388,0.5127841234207153
6,1491414717431,-0.13040615618228912,0.008288661018013954,0.41954270005226135
6,1491414717472,0.09926893562078476,-0.08341343700885773,0.15265977382659912
6,1491414717510,0.04951546713709831,-0.043768931180238724,0.776279091835022
6,1491414717551,-0.1341993659734726,0.0027542489115148783,0.06521201133728027
6,1491414717590,0.16853299736976624,-0.06550430506467819,0.06959845870733261
6,1491414717631,-0.015501326881349087,-0.04268253967165947,1.2151509523391724
6,1491414717670,-0.1621565967798233,0.019919244572520256,-0.6316969990730286
6,1491414717712,0.1194704920053482,-0.027409737929701805,0.7996596097946167
6,1491414717750,0.05348942428827286,-0.06243118643760681,0.09021608531475067
6,1491414717791,-0.19821350276470184,0.05287759751081467,-0.07030937820672989
6,1491414717830,0.007633311673998833,0.07248416543006897,0.42585739493370056
6,1491414717872,0.0680595263838768,-0.04679013416171074,0.17897680401802063
6,1491414717909,0.1168723851442337,-0.09363213926553726,0.41499122977256775
6,1491414717951,0.045640140771865845,-0.06839888542890549,0.2841460406780243
6,1491414717990,-0.021857749670743942,-0.0633583813905716,0.17829886078834534
6,1491414718032,-0.035698432475328445,-0.007765984162688255,0.450263649225235
6,1491414718068,0.0027346122078597546,-0.09731448441743851,0.3924766778945923
6,1491414718108,0.0556175597012043,-0.10914304107427597,0.33889517188072205
6,1491414718150,0.1439325213432312,-0.11318467557430267,0.40056896209716797
6,1491414718191,0.10113529115915298,-0.16825328767299652,0.1412459909915924
6,1491414718230,0.025465086102485657,-0.05291268602013588,0.5088680982589722
6,1491414718271,-0.06147683411836624,0.05348130688071251,0.3687671720981598
6,1491414718311,-0.01705028861761093,-0.007462771609425545,0.3507802188396454
6,1491414718352,0.12747903168201447,-0.14201167225837708,0.3894042670726776
6,1491414718393,-0.051553744822740555,-0.013019585981965065,0.024853533133864403
6,1491414718430,0.037439484149217606,-0.08975003659725189,0.4213431775569916
6,1491414718471,-0.0430714413523674,0.012915676459670067,0.4345088303089142
6,1491414718510,0.008571208454668522,-0.08059215545654297,0.26553359627723694
6,1491414718556,-0.006182888522744179,-0.062065742909908295,0.4104037880897522
6,1491414718590,0.02518349140882492,-0.023377075791358948,0.23255211114883423
6,1491414718629,0.04278596118092537,-0.06675955653190613,0.3030811548233032
6,1491414718670,-0.026311403140425682,-0.028380412608385086,0.08608007431030273
6,1491414718710,-0.0442381389439106,-0.003080788068473339,0.22857752442359924
6,1491414718750,-0.024224599823355675,-0.010363543406128883,0.24545159935951233
6,1491414718791,0.0354713536798954,-0.11950842291116714,0.8486104607582092
6,1491414718829,0.016186879947781563,-0.03697030618786812,0.25517991185188293
6,1491414718872,0.00963817909359932,-0.023921780288219452,0.1463068425655365
6,1491414718913,0.013516557402908802,0.0198905598372221,0.5009975433349609
6,1491414718950,-0.03455282002687454,-0.01372568216174841,0.2298707515001297
6,1491414718993,0.0013962492812424898,-0.004051326774060726,0.22665145993232727
6,1491414719030,-0.015474000945687294,0.0011662658071145415,0.3654191493988037
6,1491414719070,0.01847289875149727,-0.04156196489930153,0.1691129058599472
6,1491414719110,0.024166012182831764,-0.007497491780668497,0.37890419363975525
6,1491414719149,-0.012360193766653538,-0.03304440528154373,0.19409620761871338
6,1491414719192,0.005132040474563837,0.024974480271339417,0.30955106019973755
6,1491414719231,0.023819437250494957,-0.02790847234427929,0.5176731944084167
6,1491414719270,-0.022578652948141098,0.0536469966173172,0.3190862238407135
6,1491414719312,0.052892476320266724,-0.06776557862758636,0.15851011872291565
6,1491414719350,0.07108969986438751,-0.0919862911105156,0.5511693954467773
6,1491414719391,-0.03959875926375389,-0.0659366101026535,0.00932677835226059
6,1491414719432,-0.06976403295993805,0.056159671396017075,0.30911383032798767
6,1491414719470,-0.07067292183637619,0.03697243705391884,0.22755007445812225
6,1491414719514,-0.06973601877689362,0.05180193483829498,-0.08601637184619904
6,1491414719550,-0.05793285369873047,0.1442217081785202,0.42941442131996155
6,1491414719589,-0.04608283191919327,0.03633381426334381,-0.1889161914587021
6,1491414719630,-0.09068699181079865,0.18433746695518494,0.204314723610878
6,1491414719671,-0.07637204229831696,0.07904645055532455,0.4012613296508789
6,1491414719710,-0.06010504066944122,0.0010274476371705532,0.3626100420951843
6,1491414719751,0.05527236685156822,-0.04359005391597748,0.7427504062652588
6,1491414719791,-0.07668521255254745,0.008531685918569565,-0.12113157659769058
6,1491414719830,-0.11171092838048935,0.12030206620693207,0.37970712780952454
6,1491414719870,-0.00412194337695837,0.029933670535683632,0.43383851647377014
6,1491414719910,-0.03144720941781998,-0.0527837797999382,0.21403715014457703
6,1491414719953,-0.11117932945489883,0.13919013738632202,0.12960660457611084
6,1491414719990,-0.067768894135952,0.05588383972644806,2.4698803424835205
6,1491414720032,-0.09133333712816238,-0.08247027546167374,2.2641351222991943
6,1491414720072,-0.09270380437374115,-0.04005293548107147,2.2762949466705322
6,1491414720106,-0.13917382061481476,-0.0016559903742745519,0.9461010098457336
6,1491414720148,0.0742439329624176,-0.005988779943436384,-2.370789051055908
6,1491414720188,-0.029712092131376266,0.1571219116449356,-2.2652318477630615
6,1491414720229,0.07456302642822266,-0.024451177567243576,-2.6294288635253906
6,1491414720270,-0.026230929419398308,0.1381169557571411,-1.9191982746124268
6,1491414720307,0.05324665084481239,-0.042641229927539825,-1.6060067415237427
6,1491414720348,-0.06254474818706512,0.15355589985847473,0.7419620752334595
6,1491414720388,-0.06378164142370224,0.08965997397899628,1.3317482471466064
6,1491414720430,0.004433003254234791,-0.05823945999145508,0.8979915976524353
6,1491414720471,-0.020066358149051666,-0.006522712763398886,-0.022488271817564964
6,1491414720509,-0.06440398842096329,0.004415558651089668,0.2741076350212097
6,1491414720552,0.012322049587965012,0.023861322551965714,0.23292791843414307
6,1491414720590,-0.02261628769338131,0.007517280988395214,0.3486517369747162
6,1491414720629,-0.01281418465077877,0.01726686768233776,0.3056908845901489
6,1491414720671,0.010055380873382092,0.009930713102221489,0.14181771874427795
6,1491414720710,-0.019953517243266106,0.019891172647476196,0.30206045508384705
6,1491414720750,-0.02365051954984665,0.00032880177604965866,0.17740380764007568
6,1491414720797,0.007933635264635086,0.00827743485569954,0.24474576115608215
6,1491414720830,0.0017337917815893888,-0.012595337815582752,0.12125679105520248
6,1491414720870,-0.02134859375655651,0.012838728725910187,0.21698041260242462
6,1491414720910,-0.016955332830548286,-0.006189893931150436,0.22646920382976532
6,1491414720950,-0.008281422778964043,0.00014805352839175612,0.18946723639965057
6,1491414720992,-0.008998147211968899,-0.00023292339756153524,0.2660765051841736
6,1491414721032,-0.012343392707407475,-0.012822846882045269,0.23484469950199127
6,1491414721072,-0.006810635328292847,-0.00736596155911684,0.12957215309143066
6,1491414721110,-0.01632416620850563,-0.008694368414580822,0.1330793797969818
6,1491414721149,-0.0035827993415296078,0.005308471620082855,0.17397160828113556
6,1491414721190,-0.019480224698781967,-0.015231401659548283,0.20244692265987396
6,1491414721231,0.0014031862374395132,-0.00013128847058396786,0.23265032470226288
6,1491414721270,-0.004452516324818134,0.016717536374926567,0.21714672446250916
6,1491414721311,-0.0023578840773552656,-0.008573352359235287,0.242142453789711
6,1491414721352,-0.010321717709302902,-0.010478150099515915,0.16305166482925415
6,1491414721389,-0.024700433015823364,0.021844960749149323,0.16433709859848022
6,1491414721430,-0.02505795657634735,0.020427849143743515,0.19784584641456604
6,1491414721470,-0.009464012458920479,-0.004396070260554552,0.17985565960407257
6,1491414721510,-0.0033868211321532726,-0.003226484637707472,0.16913744807243347
6,1491414721554,-0.004566743969917297,-0.003210601396858692,0.16553542017936707
6,1491414721590,-0.0010517806513234973,0.009112661704421043,0.17045842111110687
6,1491414721630,-0.01128387451171875,0.015069287270307541,0.19437924027442932
6,1491414721671,-0.019983818754553795,-0.00543235894292593,0.23488448560237885
6,1491414721715,-0.0008435858762823045,0.008910846896469593,0.22078491747379303
6,1491414721752,-0.02090531773865223,-0.014691646210849285,0.18336443603038788
6,1491414721790,0.0015857740072533488,-0.0028589204885065556,0.20277352631092072
6,1491414721830,0.022195732221007347,0.0010337114799767733,0.15627151727676392
6,1491414721870,-0.01391377579420805,0.011648100800812244,0.18118956685066223
6,1491414721912,-0.005579701624810696,-0.0016699765110388398,0.18835581839084625
6,1491414721950,0.0074493433348834515,-0.01843765377998352,0.20511426031589508
6,1491414721990,-0.011803904548287392,0.023360027000308037,0.2052215337753296
6,1491414722033,0.0038212446961551905,-0.010688723996281624,0.22069880366325378
6,1491414722070,-0.01178816333413124,0.0037936237640678883,0.2027064859867096
6,1491414722111,0.014502753503620625,-0.008123199455440044,0.19446051120758057
6,1491414722150,-0.003523330669850111,-0.018966300413012505,0.20382525026798248
6,1491414722190,-0.0011184887262061238,0.000290719821350649,0.1884019672870636
6,1491414722232,-0.001089933211915195,0.013558834791183472,0.17292098701000214
6,1491414722272,-0.0011257239384576678,0.002823418006300926,0.16447271406650543
6,1491414722310,-0.018316330388188362,-0.004708605352789164,0.20498883724212646
6,1491414722351,-0.005233008414506912,-0.0057927328161895275,0.20269283652305603
6,1491414722390,-0.019942844286561012,0.007089449092745781,0.2325831800699234
6,1491414722430,0.0006199809722602367,-0.003542883787304163,0.19197390973567963
6,1491414722471,-0.006449074484407902,0.014563621953129768,0.1513255089521408
6,1491414722509,0.005437890999019146,0.00240642623975873,0.16331519186496735
6,1491414722558,-0.002040902152657509,-0.01460251584649086,0.18708954751491547
6,1491414722592,-0.02239484153687954,-0.008798057213425636,0.20013320446014404
6,1491414722630,-0.002021502237766981,-0.01359441876411438,0.18470124900341034
6,1491414722671,0.006042059510946274,-0.023608749732375145,0.2373778373003006
6,1491414722706,-0.0028013980481773615,0.0018300509545952082,0.1716250479221344
6,1491414722746,-0.004579534754157066,0.0076354313641786575,0.1896241158246994
